婉约与豪放,词内容
婉约,"思往事,轻衾各自寒。渡江干。青蛾低映越山看。共眠一舸听秋雨，小簟"
婉约,落花如梦凄迷，麝烟微，又是夕归潜下小楼西。愁无限，消瘦尽，有谁知？闲教玉笼鹦鹉念郎诗。
豪放,老夫聊发少年狂。左牵黄，右擎苍。锦帽貂裘，千骑卷平冈。为报倾城随太守，亲射虎，看孙郎。酒酣胸胆尚开张。鬓微霜，又何妨。持节云中，何日遣冯唐？会挽雕弓如满月，西北望，射天狼。
婉约,梧桐雨细，渐滴做秋声，被风惊碎。润逼衣篝，线袅蕙炉沉水。悠悠岁月天涯醉，一分秋，一分憔悴。紫萧吹断，素恨切，夜寒鸿起。又何苦凄凉客里，负草堂春绿，竹溪空翠。落叶西风，吹老几番尘世。从前谙尽江湖味，听商歌，归兴千里。露侵宿酒，疏帘淡月，照人无寐。
豪放,万里一飞蓬，吟老丹枫。潮生潮落海门东。三两点鸥沙外月，闲意谁同？一色与天通，绝去尘红。渔歌忽断荻花风。烟水自流心不竞，长笛霜空。
婉约,野店几杯空酒，醉里两眉长皱，已是不成眠，那更酒醒时候，知否，知否？直是为他消瘦。
婉约,折花枝，恨花枝，准拟花开人共卮，开时人去时。怕相思，已相思，轮到相思没处辞，眉间露一丝。
婉约,立春春已归来，看美人头上，袅袅春幡。无端风雨，未肯收尽余寒。年时燕子，料今宵、梦到西园。浑未辨，黄柑荐酒，更传青斐堆盘。却笑东风，从此便熏梅染柳，更没些闲。闲时又来镜里，转变朱颜。清愁不断，问何人、会解连环。生怕见，花开花落，朝来塞雁先还。
豪放,西塞山前白鹭飞，桃花流水鳜鱼肥。  青箸笠，绿蓑衣，斜风细雨不须归。
豪放,水天空阔，恨东风、不借世间英物。蜀鸟吴花残照里，忍见荒城颓壁。铜雀春情，金人秋泪，此恨凭谁雪？堂堂剑气，斗牛空认奇杰。那信江海余生，南行万里，属扁舟齐发，正为鸥盟留醉眼，细看涛生云灭。睨柱吞嬴，回旗走懿，千古冲冠发。伴人无寐，秦淮应是孤月。
婉约,人自怜春春未去，萱草石榴，也解留春住。只道送春无送处，山花落得红成路。高处莺啼低蝶舞。何况日长，燕子能言语。付与光相客主，晴云又卷西边雨。
婉约,离恨做成春夜雨，添得春江，刬地东流去。弱柳系船都不住，为君愁绝听鸣橹。君到南徐芳草渡，想得寻春，依旧当年路。后夜独怜回首处，乱山遮莫无重数。
婉约,无聊笑捻花枝说，处处鹃啼血。好花须映好楼台，休傍秦关蜀栈战场开。倚楼极目添愁绪，更对东风语：好风休簸战旗红，早送鲥鱼如雪过江东。
豪放,束缊宵行十里强。挑得诗囊，抛了衣囊。天寒路滑马蹄僵，元是王郎，来送刘郎。  酒酣耳热说文章。惊倒邻墙，推倒胡床。旁观拍手笑疏狂。疏又何妨，狂又何妨？
豪放,我志在寥阔，畴昔梦登天。摩娑素月，人世俯仰已千年。有客骖鸾并凤，云遇青山赤壁，相约上高寒。酌酒援北斗，我亦虱其间  少歌曰：“神甚放，形如眠。鸿鹄一再高举，天地睹方圆。”欲重歌兮梦觉，推枕惘然独念，人事底亏全？有美人可语，秋水隔婵娟。
婉约,好梦最难留，吹过仙洲，寻思依样到心头。去也无踪寻也惯，一桁红楼。中有话绸缪，灯火帘钩，是仙是幻是温柔。独自凄凉还自遣，自制离愁。
豪放,云间皓月。光照银淮来万折。海岱楼中。拂袖雄披楚岸风。  醉余清夜。羽扇纶巾人入画。江远淮长。举首宗英醒更狂。
婉约,画堂红袖倚清酣。华发不胜簪。几回晚直金銮殿，东风软、花里停骖。书诏许传宫烛，轻罗初试朝衫。御沟冰泮水按蓝。飞燕语呢喃。重重帘幕寒犹在，凭谁寄、银字泥缄。报道先生归也，杏花春雨江南。
婉约,月桂霜林寒欲坠。正门外，催人起。奈离别、如今真个是：欲住也、留无计；欲去也、来无计。马上离魂衣上泪。各自个、供憔悴。问江路梅花开也未。春到也、须频寄；人到也、须频寄。
豪放,自入闽关，形势山川，天开两边。见长溪漱玉，千瓶倒建；群峰泼黛，万马回旋。石磴盘空，天梯架壑，驿骑蹒跚鞭不前。心无那，恰鹏鹉声里，又听啼鹃。区区仕宦谁怜。道有志、从来铁石坚。但长存一片，忠肝义胆，何愁半点，瘴雨蛮烟。尽卷南溟，不供杯杓，得遂斯游岂偶然。天公意，要淋漓醉墨，海外流传。
婉约,楝花飘砌，簌簌清香细。梅雨过，・风起。情随湘水远，梦绕吴峰翠。琴书倦，鹧鸪唤起南窗睡。密意无人寄，幽恨凭谁说。修竹畔，疏帘里，歌余尘拂，舞罢风掀袂。人散后，一钩新月天如水。
婉约,日烘晴，风弄晓，芍药荼醾，是处摆怀抱。倦枕深杯消不了，人惜春，我道春归好。絮从抛，莺任老，拼作无情，不为多情恼。日影渐斜人悄悄，凭暖栏杆，目断游丝袅。
豪放,暮雨初收，长川静、征帆夜落。临岛屿、蓼烟疏淡，苇风萧索。几许渔人飞短艇，尽载灯火归村落。遣行客、当此念回程，伤漂泊。  桐江好，烟漠漠。波似染，山如削。绕严陵滩畔，鹭飞鱼跃。游宦区区成底事，平生况有云泉约。归去来、一曲仲宣吟，从军乐。
婉约,大风雨，过马当山雨骤风驰帆似舞，一舟轻度溪湾。人家临水有无间。江豚吹浪立，沙鸟得鱼闲。绝代才人天亦喜，借他只手回澜。而今无复旧词坛。马当山下路，空见野云还。
豪放,年年跃马长安市，客舍似家家似寄。青钱换酒日无何，红烛呼卢宵不寐。  易挑锦妇机中字，难得玉人心下事。男儿西北有神州，莫滴水西桥畔泪。
豪放,醉里且贪欢笑，要愁那得工夫。近来始觉古人书，信着全无是处。昨夜松边醉倒，问松我醉何如？只疑松动要来扶，以手推松曰去！
婉约,凌波不过横塘路，目送，芳尘去。锦瑟华年谁与度？月台花榭，琐窗朱户，只有春知处。飞云冉冉蘅皋暮，彩笔新题断肠句。试问闲愁都几许！一川烟草，满城风絮，梅子黄时雨。
豪放,馆娃宫外邺城西，远映征帆近拂堤。  系得王孙归意切，不同芳草绿萋萋。
婉约,离肠宛转，瘦觉妆痕浅。飞去飞来双语燕。消息知郎近远。楼前小雨珊珊，海棠帘幕轻寒。杜宇一声春去，树头无数青山。
婉约,作风老莺雏，雨肥梅子，午嘉树清圆。地卑山近，衣润费炉烟。人静乌莺自乐，小桥外、新绿溅溅。凭栏久，黄芦苦竹，拟泛九江船。年年，如社燕，飘流瀚海，来寄修椽。且莫思身外，长近尊前。憔悴江南倦客，不堪听、急管繁弦。歌筵畔，先安簟枕，容我醉时眠。
豪放,知音者少，算乾坤许大，著身何处。直待功成方肯退，何日可寻归路。多景楼前，垂虹亭下，一枕眠秋雨。虚名相误，十年枉费辛苦。  不是奏赋明光，上书北阙，无惊人之语。我自匆忙天未许，赢得衣裾尘土。白璧追欢，黄金买笑，付与君为主。纯鲈江上，浩然明日归去。
婉约,做冷欺花，将烟困柳，千里偷催春暮。尽日冥迷，愁里欲飞还住。惊粉重、蝶宿西园，喜泥润、燕归南浦。最妨它、佳约风流，钿车不到杜陵路。沉沉江上望极，还被春潮晚急，难寻官渡。隐约遥峰，和泪谢娘眉妩。临断岸、新绿生时，是落红、带愁流处。记当日、门掩梨花，剪灯深夜语。
豪放,"春未老,风细柳斜斜。试上超然台上看,半壕春水一城花。烟雨暗千家。寒食后,酒醒却咨嗟。休对故人思故国,且将新火试新茶。诗酒趁年华。"
豪放,万顷太湖上，朝暮浸寒光。吴王去后，台榭千古锁悲凉。谁信蓬山仙子，天与经纶才器，等闲厌名缰。敛翼下霄汉，雅意在沧浪。  晚秋里，烟寂静，雨微凉。危亭好景，佳树修竹绕回塘。不用移舟酌酒，自有青山渌水，掩映似潇湘。莫问平生意，别有好思量。
豪放,轻舟短棹西湖好，绿水逶迤。芳草长堤。隐隐笙歌处处随。无风水面琉璃滑，不觉船移。微动涟漪。惊起沙禽掠岸飞。
豪放,清溪咽，霜风洗出山头月。山头月，迎得云归，还送云别。不知今是何时节？凌敲望断音尘绝。音尘绝，帆来帆去，天际双阙。
婉约,晴川落日初低，惆怅孤舟解携。鸟向平芜远近，人随流水东西。白云千里万里，明月前溪后溪。独恨长沙谪去，江潭春草萋萋
豪放,当年万里觅封侯，匹马戍梁川。关河梦断何处？尘暗旧貂裘。胡未灭，鬓先秋，泪空流，此生谁料，心在天山，身老沧州。
婉约,暄风迟日春光闹。蒲萄水绿摇轻棹。两岸草烟低。青山啼子规。归来愁未寝。黛浅眉痕沁。花影转廊腰。红添酒面潮。
婉约,茅舍槿篱溪曲，鸡犬自南自北。菰叶长，水茨开，门外春波涨绿。听织，声促，轧轧鸣梭穿屋。
婉约,梦冷黄金屋。叹秦筝、斜鸿阵里，素弦尘扑。化作娇莺飞归去，犹认纱窗旧绿。正过雨、荆桃如菽。此恨难平君知否，似琼台、涌起弹棋局。消瘦影，嫌明烛。鸳楼碎泻东西玉。问芳踪、何时再展，翠钗难卜。待把宫眉横云样，描上生绡画幅。怕不是、新来妆束。彩红牙今都在，恨无人、解听开元曲。空掩袖，倚寒竹。
婉约,春云深宿虚坛，磬初残，步绕松双引出朱阑。吹不断，黄一线，是桑干，又是夕阳无语下苍山。
豪放,潇洒太湖岸，淡伫洞庭山。鱼龙隐处，烟雾深锁渺弥间。方念陶朱张翰，忽有扁舟急桨，撇浪载伊还。落日暴风雨，归路绕汀湾。丈夫志，当景盛，耻疏闲。壮年何事憔悴，华发改朱颜？拟借寒潭垂钓，又恐鸥鸟相猜，不肯傍青纶。刺棹穿芦荻，无语看波澜。
婉约,桃源仙子不须夸，闻道惟裁一片花。何似浣纱溪畔住，绿相间两三家。
豪放,劝君莫惜金缕衣，劝君须惜少年时。有花堪折君须折，莫待花残空折枝。
婉约,曾宴桃源深洞，一曲舞鸾歌凤。长记别伊时，和泪出门相送。如梦，如梦，月落花烟重。
豪放,松江蟹舍主人欢，菰饭纯羹亦共餐。  枫叶落，荻花干，醉宿渔舟不觉寒。
豪放,弓剑出榆塞，铅椠上蓬山。得之浑不费力，失亦匹如闲。未必古人皆是，未必今人俱错，世事沐猴冠。老子不分别，内外与中间。  酒须饮，诗可作，铗休弹。人生行乐，何自催得鬓毛斑？达则牙旗金甲，穷则蹇驴破帽，莫作两般看。世事只如此，自有识鸮鸾。
婉约,春来也，是何时？没人知。先到玉儿头上，袅花枝。十二画楼帘卷，红妆笑语参差。争向彩幡成队去，看朱衣。
婉约,半身屏外，睡觉唇红退，春思乱，芳心碎。空余簪髻玉，不见流苏带。试与问，今人秀整谁宜对？湘浦曾同会，手搴轻罗盖，疑是梦，今犹在。十分春易尽，一点情难改。多少事，却随恨远连云海。
豪放,晚妆初了明肌雪，春殿嫔娥鱼贯列。凤箫吹断水云闲，重按霓裳歌遍彻。临风谁更飘香屑，醉拍阑干情未切。归时休放烛花红，待踏马蹄清夜月。
豪放,一轮秋影转金波，飞镜又重磨。把酒问姮娥：被白发，欺人奈何！乘风好去，长空万里，直下看山河。斫去桂婆娑，人道是、清光更多。
婉约,寻寻觅觅，冷冷清清，凄凄惨惨戚戚。乍暖还寒时候，最难将息。三杯两盏淡酒，怎敌他、晚来风急。雁过也，最伤心，却是旧时相识。满地黄花堆积。憔悴损，如今有谁堪摘。守着窗儿，独自怎生得黑。梧桐更兼细雨，到黄昏、点点滴滴。这次第，怎一个、愁字了得。
婉约,萧条庭院，又斜风细雨，重门须闭。宠柳娇花寒食近，种种恼人天气。险韵诗成，扶头酒醒，别是闲滋味。征鸿过尽，万千心事难寄。楼上几日春寒，帘垂四面，玉栏于慵倚。被冷香消新梦觉，不许愁人不起。清露晨流，新桐初引，多少游春意。日高烟敛，更看今日晴未。
豪放,伊吕两衰翁，历遍穷通，一为钓叟一耕佣。若使当时身不遇，老了英雄。汤武偶相逢，风虎云龙，兴亡只在谈笑中。直至如今千载后，谁与争功？
婉约,薄罗衫子金泥凤，困纤腰怯铢衣重。笑迎移步小兰丛，亸金翘玉凤。娇多情脉脉，羞把同心捻弄。楚天云雨却相和，又入阳台梦
婉约,斜阳废苑朱门闭，吊兴亡、遗恨泪痕里。淡淡宫梅，也依然、点酥剪水。凝愁处，似忆宣华旧事。行人别有凄凉意。折幽香、谁与寄千里。伫立江皋，杳难逢、陇头归骑。音尘远，楚天危楼独倚。
豪放,老来情味减，对别酒，怯流年。况屈指中秋，十分好月，不照人圆。无情水都不管；共西风、只管送归船。秋晚纯鲈江上，夜深儿女灯前。  征衫，便好去朝天，玉殿正思贤。想夜半承明，留教视草，却遣筹边。长安故人问我，道愁肠殖酒只依然。目断秋霄落雁，醉来时响空弦。
婉约,月未到诚斋，先到万花川谷。不是诚斋无月，隔一林修竹。如今才是十三夜，月色已如玉。未是秋光奇绝，看十五十六。
豪放,  壮岁旌旗拥万夫，锦襜突骑渡江初。燕兵夜妮银胡最，汉箭朝飞金仆姑。  追往事，叹今吾，春风不染白髭须。却将万字平戎策，换得东家种树书。  
豪放,砧声送风急，蟋蟀思高秋。我来对景，不学宋玉解悲愁。收拾凄凉兴况，分付尊中藤醵，信觉不胜幽。自有多情处，明月挂南楼。怅襟怀，横玉笛，韵悠悠。清时良夜，借我此地倒金瓯。可爱一天风物，遍倚阑干十二，宇宙若萍浮。醉困不知醒，欹枕卧江流。
婉约,画桥流水，雨湿落红飞不起。月破黄昏，帘里余香马上闻。徘徊不语，今夜梦魂何处去？不似垂杨，犹解飞花入洞房。
婉约,小径红稀，芳郊绿遍。高台树色见。春风不解禁杨花，啰啰乱扑行人面。翠叶藏莺，珠帘隔燕。垆香静逐游丝轻。一场愁梦酒醒时，斜阳却照深深院。
豪放,菌萏香销翠叶残，西风愁起绿波间。还与韶光共憔悴，不堪看。  细雨梦回鸡塞远，小楼吹彻玉笙寒。多少泪珠何限恨，倚阑干。
婉约,一襟余恨宫魂断。年年翠庭树。乍咽凉柯，还移暗叶，重把离愁深诉。西窗过雨。怪瑶佩流空，玉筝调柱。镜暗妆，为谁娇鬓尚如许。铜仙铅泪似洗，叹移盘去远，难贮零露。病翼惊秋，枯形阅世，消得斜阳几度。余音更苦。甚独抱清商，顿成凄楚。漫想薰风，柳丝千万缕。
婉约,碧云天，黄叶地，秋色连波，波上寒烟翠。山映斜阳天接水。芳草无情，更在斜阳外。黯乡魂，追旅思。夜夜除非，好梦留人睡。明月楼高休独倚。酒入愁肠，化作相思泪。
豪放,长江千里。限南北、雪浪云涛无际。天险难逾，人谋克壮，索虏岂能吞噬。阿坚百万南牧，倏忽长驱吾地。破强敌，在谢公处画，从容颐指。  奇伟。淝水上，八千戈甲，结阵当蛇豕。鞭弭周旋，旌旗麾动，坐却北军风靡。夜闻数声鸣鹤，尽道王师将至。延晋祚，庇烝民，周雅何曾专美。
婉约,厚地高天，侧身颇觉平生左，小斋如舸，自许回旋可。聊复浮尘，得此须臾我。乾坤大，霜林独坐，红叶纷纷堕。
豪放,一醉年年今夜月，酒船聊更同浮。恨无羯鼓打梁州。遗声犹好在，风景一时留。  老去狂歌君勿笑，已拚双鬓成秋。会须击节溯中流。一声云外笛，惊看水明楼。
豪放,短棹钓船轻，江上晚烟笼碧。塞雁海鸥分路，占江天秋色。锦鳞拨剌满篮鱼，取酒价相敌。风顺片帆归去，有何人留得？
婉约,西城杨柳弄春柔，动离忧，泪难收。犹记多情，曾为系归舟。碧野朱桥当日事，人不见，水空流。韶华不为少年留，恨悠悠，几时休。飞絮落花时候、一登楼。便做春江都是泪，流不尽，许多愁。
豪放,三尺龙泉剑，匣里无人见。一张落雁弓，百只金花箭。  为国竭忠贞，苦处曾征战。先望立功勋，后见君王面。
婉约,画船摆鼓催君去，高楼把酒留君住。去住若为情，西江潮欲平。江潮容易得，只是人南北。今日此樽空，知君何日同？
婉约,愁与西风应有约，年年同赴清秋。旧游帘幕记扬州。一灯人著梦，双燕月当楼。罗带鸳鸯尘暗淡，更须整顿风流。天涯万一见温柔。瘦应因此瘦，羞亦为郎羞。
婉约,北郭清溪一带流，红桥风物眼中秋，绿杨城郭是扬州。西望雷塘何处是？香魂零落使人愁，淡烟芳草旧迷楼。
婉约,听风听雨过清明。愁草瘗花铭。楼前绿暗分携路，一丝柳，一寸柔情。料峭春寒中酒，交加晓梦啼莺。西园日日扫林亭。依旧赏新晴。黄蜂频扑秋千索，有当时、纤手香凝。惆怅双鸳不到，幽阶一夜苔生。
婉约,梦后楼台高锁，酒醒帘幕低垂。去年春恨却来时。落花人独立，微雨燕双飞。记得小・初见，两重心字罗衣。琵琶弦上说相思。当时明月在，曾照彩云归。
婉约,帘外雨潺潺，春意阑珊，罗衾不耐五更寒。梦里不知身是客，一晌贪欢。独自莫凭栏，无限江山，别时容易见时难。流水落花春去也，天上人间。
婉约,柳直，烟里丝丝弄碧。隋堤上，曾见几番，拂水飘绵送行色。登临望故国，谁识京华倦客。长亭路，年去岁来，应折柔条过千尺。闲寻旧踪迹。又酒趁哀弦，灯照离席。梨花榆火催寒食。愁一箭风快，半篙波暖，回头迢递便数驿，望人在天北。凄恻，恨堆积，渐别浦萦回，津堠岑寂，斜阳冉冉春无极。念月榭携手，露桥闻笛，沉思前事，似梦里，泪暗滴。
豪放,曾经沧海，又来沙漠，四千里外关河。骨相空谈，肠轮自转，回头十八年过。春梦醒来么？对春帆细雨，独自吟哦。唯有瓶花，数枝相伴不须多。  寒江才脱渔蓑。剩风尘面貌，自看如何？鉴不因人，形还问影，岂缘醉后颜酡？拔剑欲高歌。有几根侠骨，禁得揉搓？忽说此人是我，睁眼细瞧科。
婉约,绿槐烟柳长亭路，恨取次分离去。日永如年愁难度。高城回首，暮云遮尽，目断知何处。解鞍旅舍天将暮，暗忆丁宁千万句。一寸柔肠情几许？薄衾孤枕，梦回人静，侵晓潇潇雨。
婉约,栖乌飞绝。绛河绿雾星明灭。烧香曳簟眠清楹。花久影吹笙，满地淡黄月。好风碎竹声如雪。昭华三弄临风咽。鬓丝撩乱纶巾折。凉满北窗，休共软红说。
豪放,炎精中否？叹人材萎靡，都无英物。胡马长驱三犯阙，谁作长城坚壁？万国奔腾，两宫幽陷，此恨何时雪？草庐三顾，岂无高卧贤杰？  天意眷我中兴，吾皇神武，踵曾孙周发。河海封疆俱效顺，狂虏何劳灰灭？翠羽南巡，叩阍无路，徒有冲冠发。孤忠耿耿，剑铠冷浸秋月。
婉约,阿房废址汉荒丘，狐兔又群游。豪华尽成春梦，留下古今愁。君莫上，古原头，泪难收。夕阳西下，塞雁南来，渭水东流！
豪放,把酒祝东风，且共从容。垂杨紫陌洛城东。总是当时携手处，游遍芳丛。  聚散苦匆匆，此恨无穷。今年花胜去年红。可惜明年花更好，知与谁同？
婉约,万顷风涛不记苏，雪晴江上麦千车。令人饱我愁无。翠袖倚风萦柳絮，绛唇得酒烂樱珠。尊前呵手镊霜须。
豪放,黄河九天上，人鬼瞰重关。长风怒卷高浪，飞洒日光寒。峻似吕梁千仞，壮似钱塘八月，直下洗尘寰。万象入横溃，依旧一峰闲。  仰危巢，双鹄过，杳难攀。人间此险何用，万古秘神奸。不用燃犀下照，未必佽飞强射，有力障狂澜。唤取骑鲸客，挝鼓过银山。
婉约,新绿小池塘，风帘动、碎影舞斜阳。羡金屋去来，旧时巢燕；土花缭绕，前度莓墙。绣阁里、凤帏深几许？听得理丝簧。欲说又休，虑乖芳信；未歌先噎，愁近清觞。遥知新妆了，开朱户、应自待月西厢。最苦梦魂，今宵不到伊行。问甚时说与，佳音密耗，寄将秦镜，偷换韩香？天便教人，霎时厮见何妨！
豪放,破虏行千里，三年意气矗。展旗遮日黑，驱马饮河枯。邻境求兵略，皇恩索阵图。元和太平乐，自古恐应无。
豪放,鸡禄山前游骑，边草白，朔天明，马蹄轻。  鹊面弓离短赣，弯来月欲成。一只鸣稿云外，晓鸿惊。
豪放,牛渚天门险，限南北、七雄豪占。清雾敛，与闲人登览。  待月上潮平波滟滟，塞管轻吹新《阿滥》。风满槛，历历数，西州更点。
婉约,十年生死两茫茫，不思量，自难忘。千里孤坟，无处话凄凉。纵使相逢应不识，尘满面，鬓如霜。夜来幽梦忽还乡。小轩窗，正梳妆。相顾无言，惟有泪千行。料得年年肠断处，明月夜，短松冈。
婉约,拨棹蓦山溪。月上瓜州杨柳枝。金盏玉人歌解佩。一片子。绿盖舞风轻簇水。
婉约,遥夜亭皋闲信步，才过清明，渐觉伤春暮。数点雨声风约住，朦胧淡月云来去。桃杏依稀香暗度，谁在秋千，笑里轻轻语？一寸相思千万缕，人间没个安排处。
豪放,燕南壮士吴门豪，筑中置铅鱼藏刀。  感君恩重许君命，太山一掷轻鸿毛。
豪放,"边草,边草,边草尽来兵老。山南山北雪晴,千里万里月明。明月,明月,胡笳一声愁绝。"
婉约,闹红深处层楼，画帘半卷东风软。春归翠陌，平莎茸嫩，垂杨金浅。迟日催花，淡云阁雨，轻寒轻暖。恨芳菲世界，游人未赏，都付与、莺和燕。寂寞凭高念远，向南楼一声归雁。金钗斗草，青丝勒马，风流云散。罗绶分香，翠绡封泪，几多幽怨？正销魂，又是疏烟淡月，子规声断。
婉约,楼角初销一缕霞，淡黄杨柳暗栖鸦，玉人和月摘梅花。笑捻粉香归洞户，更垂帘幕护窗纱，东风寒似夜来些。
婉约,槛菊愁烟兰泣露，罗幕轻寒，燕子双飞去。明月不谙离恨苦，斜光到晓穿朱户。昨夜西风凋碧树，独上高楼，望尽天涯路。欲寄彩兼尺素，山长水阔知何处？
婉约,丝丝香篆浓于雾，织就绿红雨。乳燕飞来傍莲幕，杨花欲雪，梨云如梦，又是清明暮。屏山遮断相思路，子规啼到无声处。鳞瞑羽迷谁与诉。好段东风，好轮明月，尽教封侯误。
豪放,晴髻离离，太行山势如蝌蚪。稗花盈亩，一寸霜皮厚。  赵魏燕韩，历历堪回首。悲风吼，临洛驿口，黄叶中原走。
豪放,大江东去，浪淘尽，千古风流人物。故垒西边，人道是：三国周郎赤壁。乱石穿空，惊涛拍岸，卷起千堆雪。江山如画，一时多少豪杰。  遥想公瑾当年，小乔初嫁了，雄姿英发。羽扇纶巾，谈笑间樯橹灰飞烟灭。故国神游，多情应笑我，早生华发。人生如梦，一尊还酹江月。
豪放,送胡邦衡谪新州梦绕神州路。怅秋风、连营画角，故宫离黍。底事昆仑倾砥柱，九地黄流乱注？聚万落千村狐兔。天意从来高难问，况人情、老易悲难
婉约,尊前一曲歌，歌里千重意。才欲歌时泪已流，恨更多于泪！试问缘何事，不语浑如醉。我亦情多不忍闻，怕我成憔悴。
豪放,昨夜风兼雨，帏飒飒秋声。烛残漏断频欹枕，起坐不能平。世事漫随流水，算来一梦浮生。醉乡路稳宜频到，此外不堪行。
婉约,花过雨，又是一番红素。燕子归来愁不语，旧巢无觅处。谁在玉关劳苦？谁在玉楼歌舞？若使胡尘吹得去，东风侯万户。
婉约,何处合成愁。离人心上秋。纵芭蕉、不雨也飕飕。都道晚凉天气好，有明月，怕登楼。年事梦中休。花空烟水流。燕辞归、客尚淹留。垂柳不萦裙带住，漫长是，系行舟。
豪放,同父见和，再用前韵答之。老大那堪说。似而今、元龙臭味，孟公瓜葛。我病君来高歌饮，惊散楼头飞雪。笑富贵千钧
豪放,剪中流，白筋芳草，燕尾江分南浦。盈盈待学春花腐，人面年年如故。留春住。笑几许浮萍，旧梦迷残絮。棠楼无数。尽泛月莲舒，留仙裙在，载取春归去。佳丽地。仙院迢迢烟雾，湿香飞上丹户。醮坛珠斗疏灯映，共作一天花雨。君莫诉，君不见，桃根已失江南渡。风狂雨妒，便万点落英，几湾流水，不是避秦路！
婉约,春到南楼雪尽，惊动灯期花信。小雨一番寒，倚栏干。莫把栏干频倚，一望几重烟水。何处是京华？暮云遮。
豪放,先生第杖是生涯，挑月更担花。把住都无憎爱，放行总是烟霞。飘然携去，旗亭问酒，萧寺寻茶。恰似黄鹏无定，不知飞到谁家？
婉约,桐树花香月半明，棹歌归去蟪蛄鸣。曲曲柳湾茅屋矮，挂鱼罾。笑指吾庐何处是？一池荷叶小桥横。灯火纸窗修竹里，读书声。
婉约,绿芜墙绕青苔院，中庭日淡芭蕉卷。蝴蝶上阶飞，风帘自在垂。玉钩双语燕，宝鳌杨花转，几处簸钱声，绿窗春梦轻。
豪放,记烧烛、雁门高处。积雪封城，冻云迷路。添尽香煤，紫貂相拥夜深语。苦寒如许。难和尔、凄凉句。一片望乡愁，饮不醉、垆头驼乳。  无处。问长城旧主，但见武灵遗墓。沙飞似箭，乱穿向、草中狐兔。那能使、口北关南，更重作、并州门户。且莫吊沙场，收拾秦弓归去。
婉约,年年社日停针线，怎忍见、双飞燕。今日江城春已半。一身犹在，乱山深处，寂寞溪桥畔。春衫著破谁针线，点点行行泪痕满。落日解鞍芳草岸。花无人戴，酒无人劝，醉也无人管。
豪放,江左占形胜，最数古徐州。连山如画，佳处缥缈著危楼。鼓角临风悲壮，烽火连空明灭，往事忆孙刘。千里曜戈甲，万灶宿貔貅。  露沾草，风落木，岁方秋。使君宏放，谈笑洗尽古今愁。不见襄阳登览，磨灭游人无数，遗恨黯难收。叔子独千载，名与汉江流。
婉约,陈浩然招游观音山，宴张氏楼。徐姬楚兰佐酒，以琵琶度曲。郯云台为之心醉。口占戏之。春江暖涨桃花水。画舫珠帘，载酒东风里。四面青山青似洗，白云不断山中起。过眼韶华浑有几。玉手佳人，笑把琶琶理。枉杀云台标内史，断肠只合江州死。
豪放,梦破打门声，有客袖携团月。唤起玉川高兴，煮松檐晴雪。蓬莱千古一清风，人境两超绝。觉我胸中黄卷，被春云香彻。
豪放,处，驾此一轮玉？寒光零乱，为谁偏照蔼醵？年少从我追游，晚凉幽径，绕张园森木。共倒金荷家万里，难得尊前相属。老子平生，江南江北，最爱临风曲。孙郎微笑，坐来声喷霜竹。
婉约,江南三月听莺天，买酒莫论钱。晚笋余花，绿青子，春老夕阳前。欲寻旧梦前溪去，过了柳三眠。桑径人稀，吴蚕才动，寒倚一梯烟。
豪放,八月十七日，同诸生步自永安城楼，过张宽夫园待月。偶有名酒，因以金荷酌众客。客有孙彦立，善吹笛。援笔作乐府长短句，文不加点。（序）  断虹霁雨，净秋空，山染修眉新绿。桂影扶疏，谁便道，今夕清辉不足？万里青天，姮娥何处，驾此一轮玉。寒光零乱，为谁偏照醺酸  ？  年少从我追游，晚凉幽径，绕张园森木。共倒金荷，家万里，难得尊前相属。老子平生，江南江北，最爱临风笛。孙郎微笑，坐来声喷霜竹。
豪放,无利无名，无荣无辱，无烦无恼。夜灯前、独歌独酌，独吟独笑。况值群山初雪满，又兼明月交光好。便假饶百岁拟如何，从他老。知富贵，谁能保。知功业，何时了。算箪瓢金玉，所争多少。一瞬光阴何足道，便思行乐常不早。待春来携酒殖东风，眠芳草。
婉约,寒水依痕，春意渐回，沙际烟阔。溪梅晴照生香，冷蕊数枝争发。天涯旧恨，试看几许消魂？长亭门外山重叠。不尽眼中青，是愁来时节。情切。画楼深闭，想见东风，暗销肌雪。辜负枕前云雨，尊前花月。心期切处，更有多少凄凉，殷勤留与归时说。到得却相逢，恰经年离别。
婉约,人绕湘皋月坠时，斜横花树小，浸愁漪。一春幽事有谁知？东风冷，香远茜裙归。鸥去昔游非，遥怜花可可、梦依依。九疑云杳断魂啼，相思血，都沁绿筠枝。
豪放,秋到边城角声哀，烽火照高台。悲歌击筑，凭高酹酒，此兴悠哉。  多情谁似南山月，特地暮云开。灞桥烟柳，曲江池馆，应待人来。
婉约,柳丝长，桃叶小。深院断无人到。红日淡，绿烟晴。流莺三两声。雪香浓，檀晕少。枕上卧枝花好。春思重，晓妆迟。寻思梦时。
豪放,上楚山高处，回望襄州。兴废事，古今愁。草封诸葛庙，烟锁仲宣楼。英雄骨，繁华梦，几荒邱。雁横别浦，鸥戏芳洲。花又老，水空流。昔人何处在？倦客若为留？习池饮，庞陂钓，鹿门游。
婉约,正是辘轳金井，满砌落花红冷，蓦地一相逢，心事眼波难定。谁省？谁省？从此簟纹灯影。
豪放,炀帝行宫汴水滨，数株残柳不胜春。  晚来风起花如雪，飞入宫墙不见人。
婉约,卷尽愁云，素娥临夜新梳洗。暗尘不起，酥润凌波地。辇路重来，仿佛灯前事。情如水，小楼熏被，春梦笙歌里。
婉约,霭霭春空，画楼森耸凌云诸。紫薇登览最关情，绝妙夸能赋。惆怅相思迟暮，记当日、朱阑共语。塞鸿难问，岸柳何穷，另I」愁纷絮。催促年光，旧来流水知何处？断肠何必更阳，极目伤平楚。晚霁波声带雨，悄无人舟横野渡。数峰江上，芳草天涯，参差烟树。
豪放,平生自负，风流才调。口儿里、道知张陈赵。唱新词，改难令，总知颠倒。解刷扮，能哄嗽，表里都峭。每遇著、饮席歌筵，人人尽道。可惜许老了。阎罗大伯曾教来，道人生、但不须烦恼。遇良辰，当美景，追欢买笑。剩活取百十年，只恁厮好。若限满、鬼使来追，待倩个、掩通著到。
豪放,木叶下君山。空水漫漫。十分斟酒敛芳颜。不是渭城西去客，休唱阳关。醉袖抚危栏，天淡云闲。何人此路得生还？回首夕阳红尽处，应是长安。
婉约,繁灯夺霁华，戏鼓侵明发。物色旧时同，情味中年别。浅画镜中眉，深拜楼中月。人散市声收，渐入愁时节。
豪放,墨云拖雨过西楼。水东流，晚烟收。柳外残阳，回照动帘钩。今夜巫山真个好，花未落，酒新笞。美人微笑转星眸。月华羞，捧金瓯。歌扇萦风，吹散一春愁。试问江南诸伴侣，谁似我，醉扬州。
婉约,红绣被，两两间鸳鸯。不是鸟中偏爱尔，为缘交颈睡南塘。全胜薄情郎。
婉约,午梦初回，卷帘尽放春愁去。长昼无伴，自对黄鹂语。絮影骚香，春在无人处。移舟去，未成新句，一研梨花雨。
婉约,独立寒阶望月华，露浓香泛小庭花，绣屏愁背一灯斜。云雨自从分散后，人间无路到仙家，凭魂梦访天涯。
豪放,万顷风涛不记苏，雪晴江上麦千车。但令人饱我愁无。  翠袖倚风萦柳絮，绛唇得酒烂樱珠。樽前呵手镊霜须。
婉约,春色将阑，莺声渐老。红英落尽青梅小。画堂人静雨蒙蒙，屏山半掩余香袅。密约沉沉，离情杳杳。菱花尘满慵将照。倚楼无语欲销魂，长空黯淡连芳草。
豪放,凭栏试觅红楼句，听考考、城头暮鼓。数骑翩翩度孤戍，尽雕弓白羽。  平生正被儒冠误，待闲看、将军射虎。朱槛潇潇过微雨，送斜阳西去。
婉约,莺嘴啄花红溜，燕尾剪波绿皱。指冷玉笙寒，吹彻小梅春透。依旧，依旧，人与绿杨俱瘦。
婉约,纤云弄巧，飞星传恨，银汉迢迢暗度。金风玉露一相逢，便胜却、人间无数。柔情似水，佳期如梦，忍顾鹊桥归路。两情若是久长时，又岂在、朝朝暮暮。
豪放,寒眼乱空阔，客意不胜秋。强呼斗酒，发兴特上最高楼。舒卷江山图画，应答龙鱼悲啸，不暇顾诗愁。风露巧欺客，分冷入衣裘。  忽醒然，成感慨，望神州。可怜报国无路，空白一分头。都把平生意气，只做如今憔悴，岁晚若为谋。此意仗江月，分付与沙鸥。
婉约,粉上依稀有泪痕，郡庭花落欲黄昏，远情深恨与谁论？记得去年寒食日，延秋门外卓金轮，日斜人散暗销魂。
婉约,豆蔻梢头春色浅，新试纱衣，拂袖东风软。红日三竿帘幕卷，画楼影里双飞燕。拢鬓步摇青玉碾，缺样花枝，叶叶蝶儿颤。独倚阑干凝望远，—川烟草平如剪。
婉约,金谷年年，乱生春色谁为主？余花落处，满地和烟雨。又是离歌，一阕长亭暮。王孙去，萋萋无数，南北东西路。
豪放,南朝千古伤心事，犹唱后庭花。旧时王谢，堂前燕子，飞向谁家？恍然一梦，仙肌胜雪，宫髻堆鸦。江州司马，青衫泪湿，同是天涯。
豪放,燕子楼中，又捱过、几番秋色。相思处、青年如梦，乘鸾仙阙。肌玉暗消衣带缓，泪珠斜透花钿侧。最无端、蕉影上窗纱，青灯歇。曲池合，高台灭。人间事，何堪说。向南阳阡上，满襟清血。世态便如翻覆雨，妾身元是分明月。笑乐昌、一段好风流，菱花缺。
豪放,"卧看西湖烟渚，绿盖红妆无数。帘卷曲栏风,拂面荷香吹雨。归去，归去，笑损花边鸥鹭。"
婉约,涨西湖、半篙新雨，麴尘波外风软。兰舟同上鸳鸯浦，天气嫩寒轻暖。帘半卷，度一缕、歌云不碍桃花。莺娇燕婉。任狂客无肠，王孙有恨，莫放酒杯浅。垂杨岸、何处红亭翠馆？如今游兴全懒。山容水态依然好，惟有绮罗云散。君不见，歌舞地，青芜满目成秋苑。斜阳又晚，正落絮飞花，将春欲去，目断水天远。
豪放,五里滩头风欲平，张帆举棹觉船轻。柔橹不施停・却棹，是船行。满眼风波多闪烁，看山恰似走来迎。子细看山山不动，是船行。
婉约,雨晴烟晚，绿水新池满。双燕飞来垂柳院，小阁画帘高卷。黄昏独倚朱栏，西南新月眉弯。砌下落花风起，罗衣特地春寒。
豪放,江南忆，最忆是杭州。山寺月下寻桂子，郡亭枕上看潮头。何日更重游？
豪放,休舞银貂小契丹，满堂宾客尽关山。从今袅袅盈盈处，谁复端端正正看！模泪易，写愁难。潇湘江上竹枝斑。碧云日暮无书寄，寥落烟中一雁寒。
婉约,寒正欺病酒，掩沉香绣户。燕来晚、飞入西城，似说春事退暮。画船载、清明过却，晴烟冉冉吴宫树。念羁情、游荡随风，化为轻絮。十载西湖，傍柳系马，趁娇尘软雾。溯红渐招入仙溪，锦儿偷寄幽素，倚银屏、春宽梦窄，断红湿、歌纨金缕。暝堤空，轻把斜阳，总还鸥鹭。幽兰旋老，杜若还生，水乡尚寄旅。别后访、六桥无信，事往花委，瘗玉埋香，几番风雨。长波妒盼，遥山羞黛，渔灯分影春江宿。记当时、短楫桃根渡，青楼仿佛，临分败壁题诗，泪墨惨淡尘土。危亭望极，草色天涯，叹鬓侵半芒。暗点检、离痕欢唾，尚染鲛绡，亸凤迷归，破鸾慵舞。殷勤待写，书中长恨，蓝霞辽海沉过雁。漫相思、弹入哀筝柱。伤心千里江南，怨曲重招，断魂在否？
豪放,洛阳城里春光好，洛阳才子他乡老。柳暗魏王堤，此时心转迷。  桃花春水渌，水上鸳鸯浴。凝恨对残晖，忆君君不知。
婉约,江头又见新秋，几多愁。塞草连天，何处是神州？英雄恨，古今泪，水东流。惟有渔竿，明月上瓜洲。
婉约,山阴久客，一再逢春，回忆西杭，渺然愁思山空天入海，倚楼望极，风急暮潮初。一帘鸠外雨，几处闲田，隔水动春锄。新烟禁柳，想如今、绿到西湖。犹记得、当年深隐，门掩两三株。愁余。荒洲古溆，断梗疏萍，更飘流何处。空自觉、围羞带减，影怯灯孤。长疑即见桃花面，甚近来、翻致无书。书纵远，如何梦也都无。
豪放,雪晓清笳乱起，梦游处、不知何地。铁骑无声望似水。想关河：雁门西，青海际。睡觉寒灯里，漏声断，月斜窗纸。自许封侯在万里，有谁知？鬓虽残，心未死。
婉约,泪湿阑干花着露，愁到眉峰碧聚。此恨平分取，更无言语空相觑。断雨云无意绪，寂寞朝朝暮暮。今夜山深处，断魂分付，潮回去。
豪放,汉中开汉业，问此地，是耶非？想剑指三秦，居王得意，一战东归。追亡事，今不见，但山川满目泪沾衣。落日胡尘未断，西风塞马空肥。一编书是帝王师，小试去征西。更草草离筵，匆匆去路，愁满旌旗。君思我，回首处，正江涵秋影雁初飞。安得车轮四角，不堪带减腰围。
豪放,秋风清，秋月明。叶叶梧桐槛外声。难教归梦成。砌蜜鸣，树鸟惊。塞雁行行天际横。偏伤旅客情。
豪放,七朝文物旧江山。水如天。莫凭阑。千古斜阳，无处问长安。更隔秦淮闻旧曲，秋已半，夜将阑。争教潘鬓不生斑？敛芳颜。抹幺弦。须记琵琶，子细说因缘。待得鸾胶肠已断，重别日，是何年？
婉约,寒蝉凄切，对长亭晚，骤雨初歇。都门帐饮无绪，留恋处，兰舟催发，执手相看泪眼，竟无语凝噎。念去去千里烟波，暮霭沉沉楚天阔。多情自古伤离别，更那堪、冷落清秋节。今宵酒醒何处？杨柳岸，晓风月。此去经年。应是良辰好景虚设。便纵有千种风情，更与何人说。
婉约,卷絮风头寒欲尽，坠粉飘香，日日红成阵。新酒又添酒困，今春不减前春恨。蝶去莺飞无处问，隔水高楼，望断双鱼信。恼乱横波秋一寸，斜阳只与黄昏近。
婉约,花前月下暂相逢。苦恨阻从容。何况酒醒梦断，花谢月朦胧。花不尽，月无穷。两心同。此时愿作，杨柳千丝，绊惹春风。
婉约,归梦寄吴樯，水驿江程去路长。想见芳洲初系缆，斜阳，烟树参差认武昌。愁鬓点新霜，曾是朝衣染御香。重到故乡交旧少，凄凉，却恐他乡胜故乡。
婉约,画舸停桡。槿花篱外竹横桥。水上游人沙上女，回顾，笑指芭蕉林里住。
婉约,香到醮醵送晚凉，待风轻约薄罗裳。曲阑凭遍思偏长。自是幽情慵卷幌，不关春色恼人肠。误他双燕未归梁。
婉约,五月南塘水满，吹断，鲤鱼风。小娘停棹濯纤指，水底，见花红。
豪放,昨夜寒蛩不住鸣。惊回千里梦，已三更。起来独自绕阶行。人悄悄，帘外月胧明。白首为功名。旧山松竹老，阻归程。欲将心事付瑶琴。知音少，弦断有谁听。
婉约,竹里风生月上门。理秦筝，对云屏。轻拨朱弦，恐乱马嘶声。含恨含娇独自语：今夜约，太迟生！
婉约,名园花正好，娇红殖白，百态竞春妆。笑痕添酒晕。丰脸凝脂，谁为试铝霜。诗朋酒伴，趁此日流转风光。尽夜游不妨秉烛，未觉是疏狂。茫茫。一年一度，烂漫离披，似长江去浪。要教啼莺语燕，不怨卢郎。问春春道何曾去，任蜂蝶飞过东墙。君看取，年年潘令河阳。
婉约,堵莲红乱风翻雨。雨翻风乱红莲堵。深处宿幽。幽宿处深。淡妆秋水鉴。鉴水秋妆淡。明月思人情。情人思月明。
婉约,雨恨云愁，江南依旧称佳丽。水村渔市，一缕孤烟细。天际征鸿，遥认行如缀。平生事，此时凝睇，谁会凭栏意
豪放,醉里挑灯看剑，梦回吹角连营。八百里分麾下炙，五十弦翻塞外声。沙场秋点兵。  马作的卢飞快，弓如霹雳弦惊。了却君王天下事，赢得生前身后名。可怜白发生！
婉约,漠漠春芜春不住，藤刺牵衣，碍却行人路。偏是无情偏解舞，蒙蒙扑面皆尺絮。绣院深沈谁是主？一朵孤花，墙角明如许！莫怨无人来折枝，花开不合阳春暮。
婉约,深院静，小庭空，断续寒砧断续风。无奈夜长人不寐，数声和月到帘栊。
婉约,小砑红绫纸。一字一行春泪。封了更亲题，题了又还折起。归来？归来？好个瘦人天气。
豪放,碧云天，黄叶地，秋色连波，波上寒烟翠。山映斜阳天接水，芳草无情，更在斜阳外。  黯乡魂，追旅思，夜夜除非，好梦留人睡。明月楼高休独倚，酒入愁肠，化作相思泪。
豪放,人天无据，被侬留得香魂住。如梦如烟，枝上花开又十年！十年千里，风痕雨点斓斑里。莫怪怜他，身世依然是落花。
婉约,小鬟衫着轻罗，发如螺，睡起钗偏髻倒唤娘梳。心上事，春前景，闷中过，打叠闲情别绪教鹦哥。
豪放,黄金榜上。偶失龙头望。明代暂遗贤，如何向。未遂风云便，争不恣狂荡。何须论得丧。才子词人，自是白衣卿相。  烟花巷陌，依约丹青屏障。幸有意中人，堪寻访。且恁偎红倚翠，风流事、平生畅。青春都一饷。忍把浮名，换了浅斟低唱。
婉约,诗句一春浑漫与，纷纷红紫尘土。楼外垂杨千万缕。风落絮，栏干倚遍空无语。毕竟春归何处所，树头树底无寻处。唯有闲愁将不去，依旧住，伴人直到黄昏雨。
婉约,此恨何时已。滴空阶、寒更雨歇，葬花天气。三载悠悠魂梦杳，是梦久应醒矣。料也觉、人间无味。不及夜台尘土隔，冷清清、一片埋愁地。钗钿约，竟抛弃。重泉若有双鱼寄。好知他、年来苦乐，与谁相倚。我自中宵成转侧，忍听湘弦重理。待结个、他生知己。还怕两人俱薄命，再缘悭、剩月零风里。清泪尽，纸灰起。
豪放,"烧灯节,朝京道上风和雪。风和雪,江山如旧,朝京人绝。百年短短兴亡别,与君犹对当时月。当时月,照人烛泪,照人梅发。"
婉约,十里青山远，潮平路带沙。数声啼鸟怨年华。又是凄凉时候在天涯。白露收月，清风散晚霞。绿杨堤畔问荷花：记得年时沽酒、那人家？
婉约,关山梦里，归来还又、岁华催晚。马影鸡声，谙尽倦邮荒馆。绿密记多情事，一看一回肠断。待殷勤寄与，旧游莺燕，水流云散。满罗衫是酒，香痕凝处，唾碧啼红相半。只恐梅花，瘦倚夜寒谁暖？不成便没相逢日，重整钗鸾筝雁。何郎，纵有春风词笔，病怀浑懒。
豪放,四十年来家国，三千里地山河。凤阁龙楼连霄汉，玉树琼枝作烟梦。几曾识干戈。  一旦归为臣虏，沈腰潘鬓销磨。最是仓皇辞庙日，教坊犹奏别离歌。挥泪对宫娥。
豪放,丙辰中秋，欢饮达旦，大醉，作此篇，兼怀子由。(序)  明月几时有，把酒问青天。不知天上宫阙，今夕是何年。我欲乘风归去，又恐琼楼玉宇，高处不胜寒。起舞弄清影，何似在人间？  转朱阁，低绮户，照无眠。不应有恨，何事长向别时圆？人有悲欢离合，月有阴晴圆缺，此事古难全。但愿人长久，千里共婵娟。
豪放,兴亡千古繁华梦，诗眼倦天涯。孔林乔木，吴宫蔓草，楚庙寒鸦。数间茅舍，藏书万卷，投老村家。山中何事？松花酿酒，春水煎茶。
豪放,"春醒薄,梦中毯马豪如昨。豪如昨,月明横笛,晓寒吹角。古来成败难描摸,而今却悔当时错。当时错,铁衣犹在,不堪重著。"
豪放,官舍悄，坐到月西斜。永夜招声悲自语，客心愁破正思家。南北各天涯。肠断裂，搔首一长嗟。绮席象床寒玉枕，美人何处醉黄花。和泪捻琵琶。
婉约,陌上风光浓处。第一寒梅先吐。待得春来也，香消减，态凝伫。百花休漫妒。
豪放,日月跳丸，光阴脱兔，登临不用深怀古。向来吹帽插花人，尽随残照西风去。老矣征衫，飘然客路，炊烟三两人家住。欲携斗酒答秋光，山深无觅黄花处。
婉约,飞絮飞花何处是？层冰积雪摧；疏疏一树五更寒。爱他明月好，憔悴也相关。最是繁丝摇落后，转教人忆春山。湔裙梦断续应难。西风多少恨，吹不散眉弯。
豪放,一带江山如画，风物向秋潇洒。水浸碧天何处断？霁色冷光相射。蓼屿荻花洲，掩映竹篱茅舍。  云际客帆高挂，烟外酒旗低亚。多少六朝兴废事，尽入渔樵闲话。怅望倚层楼，寒日无言西下。
豪放,鸡鸣风雨潇潇，侧身天地无刘表。啼鹃迸泪，落花飘恨，断魂飞绕。月暗云霄，星沉烟水，角声清袅。问登楼王粲，镜中白发，今宵又添多少。  极目乡关何处？渺青山、髻螺低小。几回好梦，随风归去，被渠遮了。宝瑟弦僵，玉笙指冷，冥鸿天杪。但侵阶莎草，满庭绿树，不知昏晓。
婉约,寒风料峭侵窗户，垂帘懒向回廊步。月色入高楼，相思两处愁。无边家国事，并入双蛾翠。若遇早梅开，一枝应寄来！
婉约,辛亥之冬，余载雪诣石湖。止既月，授简索句，且征新声，作此两曲，石湖把玩不已，使二妓肆习之，音节谐婉，乃名之曰《暗香》、《疏影》。苔枝缀玉，有翠小小，枝上同宿。客里相逢，篱角黄昏，无言自倚修竹。昭君不惯胡沙远，暗忆、江南江北。想佩环、月夜归来，化作此花幽独。犹记深宫旧事，那人正睡里，飞近蛾绿。莫似春风，不管盈盈，早与安排金屋。还教一片随波去，又却怨、玉龙哀曲。等恁时、重觅幽香，已入小窗横幅。
婉约,东风荡飕轻云缕，时送潇潇雨。水边台榭燕新归，一点香泥，湿带落花飞。海棠糁径铺香绣，依旧成春瘦。黄昏庭院柳啼鸦，记得那人，和月折梨花。
豪放,大别我知友，突兀起西州。十年重见，依旧秀色照清眸。常记站琦狂客，邀我登楼雪霁，杖策拥羊裘。山吐月千仞，残夜水明楼。黄粱梦，未觉枕，几经秋。与君邂逅，相逐飞步碧山头。举酒一觞今古，叹息英雄骨冷，清泪不能收。鹦鹉更谁赋，遗恨满芳州。
婉约,玉纤暗数佳期近。已到也、忽生幽恨。恨无端、添叶与青梧，倒减却、黄杨一寸。天公定亦怜娇俊念儿女、经年愁损。早收回、溽暑换清商。翻借作，兰秋重闰。
豪放,凭高眺远，见长空万里，云无留迹。桂魄飞来光射处，冷浸一天秋碧。玉宇琼楼，乘鸾来去，人在清凉国。江山如画，望中烟树历历。我醉拍手狂歌，举杯邀月，对影成三客。起舞徘徊风露下，今夕不知何夕。便欲乘风，翻然归去，何用骑鹏翼。水晶宫里，一声吹断横笛。
婉约,飞雪过江来，船在赤栏桥侧。为报布帆无恙，著两行亲札从今日日在南楼，鬓自此时白。一咏一觞谁共，负平生书册。
婉约,春已半，触目此情无限。十二栏干闲倚遍，愁来天不管。好是风和日暖，输与莺莺燕燕。满院落花帘不卷，断肠芳草远。
婉约,柳丝碧，柳下人家寒食。莺语匆匆花寂寂，玉阶春薛湿。闭凭熏笼无力，心事有谁知得？檀炷绕窗灯背壁，画檐雨滴。
豪放,秋雨一何碧，山色倚晴空。江南江北愁思，分付酒螺红。芦叶篷舟千重，菰菜纯羹一梦，无语寄归鸿。醉眼渺河洛，遗恨夕阳中。  苹洲外，山欲瞑，敛眉峰。人间俯仰陈迹，叹息两仙翁。不见当时杨柳，只是从前烟雨，磨灭几英雄。天地一孤啸，匹马又西风。
婉约,杏花村馆酒旗风。水溶溶。扬红。野渡舟横，杨柳绿浓。望断江南山色远，人不见，草连空。夕阳楼外晚烟笼。粉香融。淡眉峰。记得年时，相见画屏中。只有关山今夜月，千里外，素光同何。
豪放,江南忆，其次忆吴宫。吴酒一杯春竹叶，吴娃双舞醉芙蓉。早晚复相逢？
婉约,燕子呢喃，景色乍长春昼。睹园林万花如绣。海棠经雨胭脂透。柳展宫眉，翠拂行人首。向郊原踏春，恣歌携手。醉醺醺尚寻芳酒。问牧童遥指孤村，道杏花深处，那里人家有。
婉约,月华收，云淡霜天曙。西征客、此时情苦。翠娥执手，送临歧、轧轧开朱户。千娇面、盈盈伫立，无言有泪，断肠争忍回顾？一叶兰舟，便恁急桨凌波云。贪行色，岂知离绪。万般方寸，饮恨、脉脉同谁语？更回首、重城不见，寒江天外，隐隐两三烟村。
婉约,春波软荡红楼水，多时不放莺儿起。一样夕阳天，留寒待禁烟已是人消瘦，只此情依旧。可奈别离何，明朝杨柳多。
婉约,轻池馆水平桥，一番弄雨花梢。微寒著处不胜娇，此际魂销。忆昔青门堤外，粉香零乱朝朝。玉颜寂寞淡红飘，无那今宵。
婉约,丙辰岁，与张功父会饮张达可之堂。闻屋壁间蟋蟀有声，功父约予同赋，以授歌者。功父先成，辞甚美。予裴回末利花间，仰见秋月，顿起幽思，寻亦得此。蟋蟀，中都呼为促织，善斗。好事者或以三二十万钱致一枚，镂象齿为楼观以贮之。庾郎先自吟愁赋，凄凄更闻私语。露湿铜铺，苔侵石井，都是曾听伊处。哀音似诉。正思妇无眠，起寻机杼。曲曲屏山，夜凉独自甚情绪？西窗又吹暗雨。为谁频断续，相和砧杵？候馆迎秋，离宫吊月，别有伤心无数。豳诗漫与。笑篱落呼灯，世间儿女。写入琴丝，一声声更苦。
豪放,滩头细草接疏林，浪恶曾知半欲沈。宿鹭眠鸥飞旧浦，去年沙首是江心。
婉约,情深意真，眉长鬓青。小楼明月调筝。写春风数声。思君忆君，魂牵梦萦。翠绡香媛云屏。更那堪酒醒。
婉约,闲院静，独自行来行去。花片无声帘外雨，峭寒生碧树。做弄清明时序，料理春醒情绪。忆得归时停棹处，画桥看落絮。
豪放,山下兰芽短浸溪，松间沙路净无泥。潇潇暮雨子规啼。谁道人生无再少？门前流水尚能西！休将白发唱黄鸡。
豪放,壮岁从戎，曾是气吞残虏。阵云高、狼烽夜举。朱颜青鬓，拥雕戈西戍。笑儒冠、自来多误。  功名梦断，却泛扁舟吴楚。漫悲歌、伤怀吊古。烟波无际，望秦关何处。叹流年、又成虚度。
豪放,风乍起，吹皱一池春水。闲引鸳鸯香径里，手按红杏蕊。  斗鸭阑干独倚，碧玉搔头斜坠。终日望君君不至，举头闻鹊喜。
婉约,手里金鹦鹉，胸前绣凤凰。偷眼暗形相，不如从嫁与，作鸳鸯。
豪放,归去来兮，吾归何处？万里家在岷峨。百年强半，来日苦无多。坐见黄州再闰，儿童尽、楚语吴歌。山中友、鸡豚社酒，相劝老东坡。云何，当此去？人生底事，来往如梭！待闲看，秋风洛水清波。好在堂前细柳，应念我、莫剪柔柯。仍传语，江南父老，时与晒渔蓑。
婉约,青粉墙西，紫骤嘶过垂杨道。画楼春早，一树桃花笑。前梦迷离，人远波声小。年时到，越溪云杳，风雨连天草。
婉约,伫倚危楼风细细。望极春愁，黯黯生天际。草色烟光照里，无言谁会凭栏意。拟把疏狂图一醉。对酒当歌，强乐还无味。衣带渐宽终不悔，为伊消得人憔悴。
婉约,寒气暗侵帘幕，孤负芳春小约。庭梅开遍不归来，直恁心情恶。独抱影儿眠，背看灯花落。待他重与画眉时，细数郎轻薄
婉约,空园数日无芳信，恻恻寒犹未定。柳边丝雨燕归迟，花外小楼帘影静。凭栏渐觉春光暝，怅望碧天帆去尽。满限芳草不成归，斜日画桥烟水冷。
豪放,石头城上，望天低吴楚，眼空无物。指点六朝形胜地，唯有青山如壁。蔽日旌旗，连云樯橹，白骨纷如雪。一江南北，消磨多少豪杰。  寂寞避暑离宫，东风辇路，芳草年年发。落日无人松径里，鬼火高低明灭。歌舞尊前，繁华镜里，暗换青青发。伤心千古，秦淮一片明月！
婉约,秀樾横塘十里香，水光晚色静年芳。燕支肤瘦薰沉水，翡翠盘高走夜光。山黛远，月波长，幕云秋影照潇湘。醉魂应逐凌波梦，分付西风此夜凉。
婉约,凉月沉沉花漏冻，欹枕无眠，渐觉荒鸡动。此际闲愁郎不共，月移窗罅春寒重。忆共锦衾无半缝，郎似桐花，妾似桐花凤。往事迢迢徒入梦，银筝断续连珠弄。
婉约,一幅云蓝一叶舟，隔江山色镜中收。夕阳芳草满汀洲。客里莺花繁似锦，春来情思腻于油。兰桡扶梦驻东流。
婉约,江南好，风景旧曾谙。日出江花红胜火，春来江水绿如蓝。能不忆江南。
婉约,风悲画角，听单于三弄落谯门。投宿骎骎征骑，飞雪满孤村。酒市渐阑灯火，正敲窗、乱叶舞纷纷。送数声惊雁，乍离烟水，嘹唳度寒云。好在半胧淡月，到如今、无处不消魂。故国梅花归梦，愁损绿罗裙。为问暗香闲艳，也相思、万点付啼痕。算翠屏应是，两眉余恨倚黄昏。
婉约,丁未冬，过吴松作燕雁无心，太湖西畔随云去。数峰清苦。商略黄昏雨。第四桥边，拟共天随住。今何许？凭阑怀古，柳参差舞。
婉约,漠漠秋云澹，红藕香侵槛。枕倚小山屏，金铺向晚扃。睡起横波慢，独望情何限！衰柳数声蝉，魂销似去年。
豪放,渔翁夜傍西岩宿，晓汲清湘燃楚竹。烟消日出不见人，软乃一声山水绿。
豪放,昼渡黄河水，将军险用师。雪光偏著甲，风力不禁旗。阵变龙蛇活，军雄鼓角知。今朝重起舞，记得战酣时。
豪放,深阁帘垂绣。记家人、软语灯边，笑涡红透。万叠城头哀怨角，吹落霜花满袖。影厮伴、东奔西走。望断乡关知何处，羡寒鸦、到著黄昏后。一点点，归杨柳。相看只有山如旧。叹浮云、本是无心，也成苍狗。明日枯荷包冷饭，又过前头小阜。趁未发、且尝村酒。醉探楞囊毛锥在，问邻翁、要写牛经否。翁不应，但摇手。
婉约,安远楼小集，侑觞歌板之姬黄其姓者，乞词于龙洲道人，为赋《唐多令》。同柳阜之、刘去非、石民瞻、周嘉仲、陈孟参、孟客，时八月十五日也。芦叶满汀洲，寒沙带浅流。二十年、重过南楼。柳下系舟犹未稳，能几日、又中秋。黄鹤断矶头，故人今在否？旧江山、浑是新愁。欲买桂花同载酒，终不似、少年游。
婉约,古庙依青嶂，行宫枕碧流。水声山色锁妆楼，往事思悠悠。云雨朝还暮，烟花春复秋。啼猿何必近孤舟。行客自多愁
豪放,从商帅国器猎，同裕之赋。（序）  短衣匹马清秋，惯曾射虎南山下。西风白水，石鲸鳞甲，山川图画。千让头发太古神州，一时胜业，宾僚儒雅。快长堤万弩，平冈千  骑，波涛卷，鱼龙夜。  落日孤城鼓角，笑归来，长围初罢。风云惨淡，貔貅得意，旌旗闲暇。万里天河，更须一洗，中原兵马。看鞬橐呜咽，咸阳道左，拜西还驾。
婉约,征鸿过尽秋容谢，卷离恨、还东下。剪剪霜风落平野。溪山掩映，水烟摇曳，几簇渔樵舍。芙蓉城里人如画，春伴春游夜转夜。别后知他何如也。心随云乱，眼随天断，泪逐长江泻。
豪放,寒山几堵，风低削碎中原路。秋空一碧无今古，醉袒貂裘，略记寻呼处。  男儿身手和谁赌，老来猛气还轩举。人间多少闲狐兔，月黑沙黄，此际偏思汝。
豪放,杨白花，风吹渡江水。  坐令宫树无颜色，摇荡春光千万里。  茫茫晓日下长秋，哀歌未断城鸦起。
婉约,烛影摇红，向夜阑，乍酒醒、心情懒。尊前谁为唱阳关，离恨天涯远。无奈云沉雨散，凭阑干、东风泪眼。海棠开后，燕子来时，黄昏庭院。
豪放,天然一帧荆关画，谁打稿，斜阳下？历历水残山剩也。乱鸦千点，落鸿孤咽，中有渔樵话。  登临我亦悲秋者，向蔓草平原泪盈把。自古有情终不化。青娥冢上，东风野火，烧出鸳鸯瓦。
婉约,剪鲛绡，传燕语，黯黯碧草暮。愁望春归，春到更无绪。园林红紫千千，放教狼藉，休怨、连番风雨。谢桥路，十载重约钿车，惊心旧游误。玉佩尘生，此恨奈何许！倚楼极目天涯，天涯尽处，算只有漾漾飞絮。
豪放,弹铁西来路。记匆匆、经行十日，几番风雨。梦里寻秋秋不见，秋在平芜远树。雁信落、家山何处？万里西风吹客鬓，把菱花、自笑人如许。留不住、少年去。男儿事业无凭据。记当年、悲歌击楫，酒酣箕踞。腰下光芒三尺剑，时解挑灯夜语。谁更识、此时情绪？唤起杜陵风月手，写江东渭北相思句。歌此恨，慰羁旅。
豪放,富贵本无心，何事故乡轻别？空使猿惊鹤怨，误薜萝秋月。  囊锥刚要出头来，不道甚时节！欲驾巾车归去，有豺狼当辙！
婉约,驿朝云横度，辘辘车声如水去。白草黄沙，月照孤村三两家。飞鸿过也，百结愁肠无昼夜。渐近燕山，回首乡关归路难。
婉约,花底忽闻敲两桨，逡巡女伴来访。酒盏旋将荷叶当。莲舟荡，时时盏里生红浪。气酒香清厮酿。花腮酒面红相向。醉倚绿眠一饷。惊起望，船头阁在沙滩上。
婉约,苜蓿阑干满上林，西风秣独沉吟。遗台何处是黄金？空阔已无千里志，驰驱枉抱百年心。夕阳山影自萧森。
婉约,芭蕉不展丁香结，匆匆过了春三。罗衣花下倚娇憨。玉人吹笛，眼底是江南。最是酒阑人散后，疏风拂面微酣。树犹如此我何堪？离亭杨柳，凉月照毵毵。
豪放,风高浪快，万里骑蟾背。曾识姮娥真体态，素面原无粉黛。身游银阙珠宫，俯看积气。醉里偶摇桂树，人间道是凉风。
婉约,烛消红，窗送白，冷落一衾寒色。鸦唤起，马驮行，月来衣上明。酒香唇，妆印臂，忆共个人春睡。魂蝶乱，梦鸾孤，知他睡也无？
婉约,语燕鸣鸠白昼长。黄蜂紫蝶草花香。沧江依旧绕斜阳。泛水浮萍随处满，舞风轻絮霎时狂。清和院宇麦秋凉。
豪放,登黄鹤楼有感遥望中原，荒烟外、许多城郭。想当年、花遮楼护，凤楼龙阁。万岁山前珠翠绕，蓬壶殿里笙歌作。到而今、铁骑满郊畿，风尘恶。兵安在，膏锋铐；民安在，填沟壑。叹江山如故，千树寥落。何日请缨提锐旅，一鞭直渡清河洛？却归来、再续汉阳游，骑黄鹤。
豪放,夜登小阁忆洛中旧游忆昔午桥桥上饮，坐中多是豪英。长沟流月去无声。杏花疏影里，吹笛到天明。二十余年如一梦，此身虽在堪惊。闲登小阁看新晴。古今多少事，渔唱起三更。
婉约,世情薄，人情恶，雨送黄昏花易落。晓风干，泪痕，欲心事，独倚斜栏。难！难！难！人成各，今非昨，病魂常似秋千索。角声寒，夜阑珊，怕人寻问，咽泪装欢。瞒！瞒！瞒！
豪放,"一勺西湖水。渡江来,百年歌舞,百年酣醉。"
豪放,云峰横起，障吴关三面，真成尤物。倒卷回潮，目尽处、秋水粘天无壁。绿鬓人归，如今虽在，空有千茎雪。追寻如梦，漫馀诗句犹杰。  闻道尊酒登临，孙郎终古恨，长歌时发。万里云屯，瓜步晚、落日旌旗明灭。鼓吹风高，画船遥想，一笑吞穷发。当时曾照，更谁重问山月。
婉约,一夜东风，枕边吹散愁多少。数声啼鸟，梦转纱窗晓。来是春初，去是春将老。长亭道，一般芳草，只有归时好。
豪放,怒发冲冠，凭栏处、潇潇雨歇。抬望眼，仰天长啸，壮怀激烈。三十功名尘与土，八千里路云和月。莫等闲，白了少年头，空悲切。靖康耻，犹未雪；臣子恨，何时灭！驾长车，踏破贺兰山缺。壮志饥餐胡虏肉，笑谈渴饮匈奴血。待从头收拾旧山河，朝天阙。
婉约,潇水流。湘水流。三闾愁接二妃愁。潇碧湘蓝虽两色，鸳鸯总作一天秋。
豪放,梅谢了，塞垣冻解鸿归早。鸿归早，凭伊问讯，大梁遗老。浙河西面边声悄，淮河北去炊烟少。炊烟少，宣河宫殿，冷烟衰草。
豪放,谁使神州，百年陆沉，青毡未还？怅晨星残月，北州豪杰；西风斜日，东帝江山。刘表坐谈，深源轻进，机会失之弹指间。伤心事，是年年冰合，在在风寒。说和说战都难，算未必江沱堪宴安。叹封侯心在，醴鲸失水；平戎策就，虎豹当关。渠自无谋，事犹可做，更剔残灯抽剑看。麒麟阁，岂中兴人物，不画儒冠？
豪放,"云雷天堑，金汤地险，名藩自古皋兰。营屯绣错，山形米聚,襟喉百二秦关。鏖战血犹殷。见阵云冷落，时有雕盘。静塞楼头，晓月依旧，玉弓弯。  看看，定远西还。有元戎阃命,上将斋坛。瓯脱昼空，兜鍪夕解，甘泉又报平安。吹笛虎牙闲。且宴陪朱履,歌按云鬟。招取  英灵毅魄，长绕贺兰山。"
豪放,落日塞尘起，胡骑猎清秋。汉家组练十万，列舰耸层楼。谁道投鞭飞渡，忆昔鸣藤血污，风雨佛狸愁。季子正年少，匹马黑貂裘。今老矣，搔白首，过扬州。倦游欲去江上，手种桔千头。二客东南名胜，万卷诗书事业；尝试与君谋：莫射南山虎，直觅富民侯。
婉约,春色难留，酒杯常浅。更旧恨新愁相间。五更风，千里梦，看飞红几片。这般庭院。几许风流，几般娇懒。问相见何如不见。燕正忙，莺语乱，恨旧帘不卷。翠屏平远。
婉约,雪庭，轻寒帘影，霏霏玉管春葭。小帖金泥，不知春在谁家。相思一夜窗前梦，奈个人、水隔天遮。凄然，满树幽香，满地横斜。江南自是离愁苦，况游骤古道，归雁平沙。怎得银，殷勤与说年华。如今处处生芳草，纵凭高，不见天涯。更消他，几度东风，几度飞花。
豪放,"花过雨,又是一番红素。燕子归来愁不语,旧巢无觅处。谁在玉关劳苦?谁在玉楼歌舞?若使胡尘吹得去,东风侯万户。"
婉约,春日游，杏花吹满头。陌上谁家年少，足风流？妾拟将身嫁与，一生休。纵被无情弃，不能羞。
豪放,孤馆灯青，野店鸡号，旅枕梦残。渐月华收练，晨霜耿耿；云山擒锦，朝露洼泞。世路无穷，劳生有限，似此区区长鲜欢。微吟罢，凭征鞍无语，往事千端。当时共客长安，似二陆初来俱少年。有笔头千字，胸中万卷；致君尧舜，此事何难。用舍由时，行藏在我，袖手何妨闲处看。身长健，但优游卒岁，且斗尊前。
婉约,簟凄灯暗眠还起，清商几处催发？碎竹虚廊，枯莲浅渚，不辨声来何叶？桐飙又接。尽吹入潘郎，一簪愁发。已是难听，中宵无用怨离别。虫还更切切。玉窗挑锦倦，惊响檐铁。漏断高城，钟疏野寺，遥送凉潮呜咽。微吟渐怯。讶篱豆花开，雨筛时节。独自开门，满庭都是月。
豪放,云鬲迷楼，苔封很石，人向何处？数骑秋烟，一篙寒汐，千古空来去。使君心在，苍崖绿嶂，苦被北门留住。有尊中酒差可饮，大旗尽绣熊虎。  前身诸葛，来游此地，数语便酬三顾。楼外冥冥，江皋隐隐，认得征西路。中原生聚，神京耆老，南望长淮金鼓。问当时依依种柳，至今在否？
豪放,青烟幂处，碧海飞金镜。永夜闲阶卧桂影。露凉时、零乱多少寒蛰，神京远，唯有蓝桥路近。  水晶帘不下，云母屏开，冷浸佳人淡脂粉。待都将许多明，付与金尊，投晓共流霞倾尽。更携取胡床上南楼，看玉做人间，素秋千倾。
豪放,古来云海茫茫，道山绛阙知何处。人间自有，赤城居士，龙蟠凤举。清净无为，坐忘遗照，八篇奇语。向玉霄东望，蓬莱瞳霭，有云驾、醪风驭。行尽九州四海，笑纷纷、落花飞絮。临江一见，谪仙风采，无言心许。八表神游，浩然相对，酒酣箕踞。待垂天赋就，骑鲸路稳，约相将去。
豪放,大厦吞风吐月，小舟坐水眠空。雾窗春晓翠如葱，睡起云涛正涌。往事回头笑处，此生弹指声中。玉笺佳句敏惊鸿，闻道衡阳价重。
豪放,玉粟收余，金丝种后，蕃航别有蛮烟。双管横陈，何人对拥无眠。不知呼吸成滋味，爱挑灯、夜永如年。最堪怜，是一泥丸，捐万缗钱。  春雷欷破零丁穴，笑蜃楼气尽，无复灰然。沙角台高，乱帆收向天边。浮槎漫许陪霓节，看澄波、似镜长圆。更应传，绝岛重阳，取次回舷。
婉约,恼烟撩露，留我须臾住。携手藕花湖上路。一霎黄梅细雨。娇痴不怕人猜。随群暂遣愁怀。最是分携时候，归来懒傍妆台。
婉约,夜夜相思更漏，伤心明月凭阑干，想君思我锦衾寒。咫尺画堂深似海，忆来惟把旧书看，几时携手入长安？
豪放,万里黔中一漏天，屋居终日似乘船。及至重阳天也霁，催醉，鬼门关外蜀江前。  莫笑老翁犹气岸，君看，几人黄菊上华颠。戏马台南追两谢，驰射，风流犹拍古人肩。
婉约,玉骨那愁瘴雾，冰肌自有仙风。海仙时遣探芳丛，倒挂绿毛幺凤。素面常嫌粉涴，洗妆不退唇红。高情已逐晓云空，不与梨花同梦。
豪放,寒江夜宿，长啸江之曲。水底鱼龙惊动，风卷地，浪翻屋。  诗情吟未足，酒兴断还续。草草兴亡休问，功名泪，欲盈掬。
婉约,小山重叠金明灭，鬓云欲度香腮雪。懒起画娥眉，弄妆梳洗迟。照花前后镜，花面交相映，新帖绣罗襦，双双金鹧鸪。
婉约,翠柏红梅围小坐，岁筵未是全贫。蜡鹅花下烛如银。钗符金胜，又见一家春。自写好宜祛百病，非官非隐闲身。屠苏醉醒已三更。一声鸡唱，五十六年人。
婉约,斜点银―，高擎莲炬，夜深不耐微风。重重帘幕卷堂中。香渐远、长烟袅穟，光不定、寒影摇红。偏奇处、当庭月暗，吐焰为虹。红裳呈艳，丽娥一见，无奈狂踪。试烦他纤手，卷上纱笼。开正好、银花照夜，堆不尽、金粟凝空。丁宁语、频将好事，来报主人公。
婉约,芙蓉金菊斗馨香，天气欲重阳。远村秋色如画，红树间疏黄。流水淡，碧天长，路茫茫。凭高目断，鸿雁来时，无限思量。
婉约,手卷真珠上玉钩，依前春恨锁重楼。风里落花谁是主？思悠悠！青鸟不传云外信，丁香空结雨中愁。回首绿波三楚暮，接天流。
豪放,我来牛渚，聊登眺、客里襟怀如豁。谁著危亭当此处，占断古今愁绝。江势鲸奔，山形虎踞，天险非人设。向来舟舰，曾扫百万胡羯。  追念照水然犀，男儿当似此，英雄豪杰。岁月匆匆留不住，鬓已星星堪镊。云暗江天，烟昏淮地，是断魂时节。栏干捶碎，酒狂忠愤俱发。
豪放,接叶巢莺，平波卷絮，断桥斜日归船。能几番游，看花又是明年。东风且伴蔷薇住，到蔷薇、春已堪怜。更凄然。万绿西泠，一抹荒烟。当年燕子知何处？但苔深韦曲，草暗斜川。见说新愁，如今也到鸥边。无心再续笙歌梦，掩重
婉约,水是眼波横，山是眉峰聚。欲问行人去那边，眉眼盈盈处才始送春归，又送君归去！若到江南赶上春，千万和春住。
婉约,自别西风憔悴甚，冻云流水平桥。并无黄叶伴飘飘。乱鸦三四点，愁坐话无惨。云压西村茅舍重，怕他棺柚同烧。好留蛮样到春宵。三眠明岁事，重斗小楼腰。
豪放,梦绕神州路。怅秋风、连营画角，故宫离黍。底事昆仑倾砥柱，九地黄流乱注。聚万落千村狐兔。天意从来高难问，况人情老易悲难诉。更南浦，送君去。  凉生岸柳催残暑。耿斜河，疏星残月，断云微度。万里江山知何处？回首对床夜语。雁不到，书成谁与？目尽青天怀今古，肯儿曹恩怨相尔汝！举大白，听金缕。
婉约,情似游丝，人如飞絮。泪珠阁定空相觑。一溪烟柳万丝垂，无因系得兰舟住。雁过斜阳，草迷烟渚。如今已是愁无数。明朝且做莫思量，如何过得今宵去。
豪放,明月如霜，好风如水，清景无限。曲港跳鱼，圆荷泻露，寂寞无人见。紞如三鼓，铿然一叶，黯黯梦云惊断。夜茫茫，重寻无处，觉来小园行遍。天涯倦客，山中归路，望断故园心眼。燕子楼空，佳人何在，空锁楼中燕。古今如梦，何曾梦觉，但有旧欢新怨。异时对，黄楼夜景，为余浩叹。
豪放,楚天千里清秋，水随天去秋无际。遥岑远目，献愁供恨，玉簪螺髻。落日楼头，断鸿声里，江南游子。把吴钩看了，栏杆拍遍，无人会，登临意。  休说鲈鱼堪脍，尽西风，季鹰归未？求田问舍，怕应羞见，刘郎才气。可惜流年，忧愁风雨，树犹如此！倩何人唤取，红巾翠袖，振英雄泪！
婉约,帘漏滴，却是春归消息。带雨牡丹无气力，黄鹂愁雨湿。争着洛阳春色，忘却连天草碧，南浦绿波双桨急，沙头人伫立。
婉约,蹴罢秋千，起来慵整纤纤手。露浓花瘦，薄汗轻衣透。见客入来，袜刬金钗溜。和羞走，倚门回首，却把青梅嗅。
婉约,宝钗分，桃叶渡，烟柳暗南浦。怕上层楼，十日九风雨。断肠片片飞红，都无人管，倩谁唤，流莺声住。鬓边觑，试把花卜归期，才簪又重数。罗帐灯昏，哽咽梦中语。是他春带愁来，春归何处。却不解、将愁归去。
豪放,忆昔初逢，意气相期，一何壮哉。拟献三千牍，叫开汉阙；蹑一双屣，走上燕台。我劝君酬，君歌我舞，天地疏狂两秀才。惊回首，漫十年风月，四海尘埃。  摩挲旧剑生苔，叹同掩衡门尽草莱。视黄金百镒，已随手去；素丝几缕，欲上头来。莫厌栖栖，但存耿耿，得失区区何足哀。心惟愿，对尊中酒满，树上花开。
婉约,结多少、悲秋俦侣，特地年年，北风吹度。紫塞门孤，金河月冷，恨谁诉？回汀枉渚，也只恋，江南住，随意落平沙，巧排作参差筝柱。别浦，惯惊移莫定，应怯败荷疏雨。一绳云抄，看字字、悬虢垂露。渐欹斜无力低飘，正目送、碧罗天暮。写不了相思，又蘸凉波飞去。
豪放,天涯也有江南信，梅破知春近。夜阑风细得香迟，不道晓来开遍向南枝。  玉台弄粉花应妒，飘到眉心住。平生个里愿杯深，去国十年老尽少年心。
婉约,永夜抛人何处去？绝来音。香阁掩，眉敛，月将沉。争忍不相寻？怨孤衾。换我心，为你心，始知相忆深。
豪放,塞上风高，渔阳秋早。惆怅翠华音杳，驿使空驰，征鸿归尽，不寄双龙消耗。念白衣、金殿除恩；归黄阁、未成图报。  谁信我、致主丹衷，伤时多故，未作救民方召。调鼎为霖，登坛作将，燕然即须平扫。拥精兵十万，横行沙漠，奉迎天表。
豪放,千古东流，声卷地，云涛如屋。横浩渺、橘竿十丈，不胜帆腹。夜雨翻江春浦涨，船头鼓急风初熟。似当年、呼禹乱黄川，飞梭速。击楫誓、空警俗。休拊髀，都生肉。任炎天冰海，一杯相属。荻笋萎芽新入馔，鹃弦凤吹能翻曲。笑人间、何处似尊前，添银烛。
婉约,萱草阑干，榴花庭院。悄无人语重帘卷。屏山掩梦不多时，斜风细雨江南岸。昼漏初传，林莺百喂。日长暗记香篆。洞房消息有谁知？几回欲问梁间燕。
婉约,我梦扬州，便想到扬州梦我。第一是隋堤绿柳，不堪烟锁。潮打三更瓜步月，雨荒十里红桥火。更红鲜冷淡不成圆，樱桃颗。何日向，江村躲；何日上，江楼卧。有诗人某某，酒人个个。花径不无新点缀，沙鸥颇有闲功课。将白头供作折腰人，将毋左。
豪放,鹊声迎客到庭除。问谁欤？故人车。千里归来，尘色半征裾。珍重主人留客意，奴白饭，马青刍。东城入眼杏千株。雪模糊，俯平湖。与子花间，随分倒金壶。归报东垣诗社友，曾念我，醉狂无？
婉约,玉漏迢迢尽，银潢淡淡横。梦回宿酒未全醒。已被邻鸡催起、怕天明。臂上妆犹在，襟间泪尚盈。水边灯水渐人行。天外一钩月、带三星。
婉约,莲叶初生南浦。两岸绿杨飞絮。向晚鲤鱼风，断送彩帆何处？凝伫，凝伫，楼外一江烟雨。
婉约,搭柳栏干倚伫频。杏帘胡蝶绣床春。十年花骨东风泪，几点螺香素壁尘。箫外月，梦中云。秦楼楚殿可怜身。新愁换尽风流性，偏恨鸳鸯不念人。
婉约,粉堕百花洲，香燕子楼。一团团、逐队成球。飘泊亦如人命薄：空缱绻，说风流。草木也知愁，韶华竟白头。叹今生、谁舍谁收！嫁与东风春不管：凭尔去，忍淹留！
婉约,曹溪驿折桃花一枝，数日零落，裹花片投之涪江，歌此送之。水软橹声柔，草绿芳洲。碧桃几树隐红楼。者是春山魂一片，招入孤舟。乡梦不曾休，惹甚闲愁？忠州过了又涪州。掷与巴江流到海，切莫回头。
婉约,群芳过后西湖好，狼籍红，飞絮漾漾，垂柳阑干尽日风。笙歌散尽游人去，始觉春空，垂下帘栊，双燕归来细雨中。
婉约,船动湖光滟滟秋，贪看年少信胜流。无端隔水抛莲子，遥被人知半日羞。
豪放,《离骚》痛饮，问人生佳处，能消何物？江左诸人成底事，空想岩岩青壁。五亩苍烟，一丘寒玉，岁晚忧风雪。西州扶病，至今悲感前杰。我梦卜筑萧闲，觉来岩桂，十里幽香发。块磊胸中冰与炭，一酌春风都灭。胜日神交，悠然得意，遗恨无毫发。古今同致，永和徒记年月。
豪放,蜀道登天，一杯送、绣衣行客。还自叹、中年多病，不堪离别。东北看惊诸葛表，西南更草相如檄。把功名、收拾付君侯，如椽笔。儿女泪，君休滴；荆楚路，吾能说。要新诗准备，庐山山色。赤壁矶头千古浪，铜麒陌上三更月。正梅花、万里雪深时，须相忆。
豪放,晚天萧索，断蓬踪迹，乘兴兰棹东游。三吴风景，姑苏台榭，牢落暮霭初收。夫差旧国，香径没、徒有荒丘。繁华处，悄无睹，惟闻麋鹿呦呦。  想当年、空运筹决战，图王取霸无休。江山如画，云涛烟浪，翻输范蠡扁舟。验前经旧史，嗟漫载、当日风流。斜阳暮草茫茫，尽成万古遗愁。
豪放,四海十年兵不解，胡尘直到江城。岁华销尽客心惊，疏髯浑似雪，衰涕欲生冰。  送老齑盐何处是？我缘应在吴兴。故人相望若为情？别愁深夜雨，孤影小窗灯。
婉约,薄醉不成乡，转觉春寒重。枕席有谁同？夜夜和愁共。梦好恰如真，事往翻如梦。起立悄无言，月生西弄。
豪放,金甲璃戈，记当日辕门初立。磨盾鼻，一挥千纸，龙蛇犹湿。铁马晓嘶营壁冷，楼船夜渡风涛急。有谁怜、猿臂故将军，无功级？  平戎策，从军什；零落尽，慵收拾。把茶经香传，时时温习。生怕客谈榆塞事，且教儿诵《花间集》。叹臣之壮也不如人，今何及！
豪放,船动湖光滟滟秋（举棹），贪看年少信船流（年少）。  无端隔水抛莲子（举棹），遥被人知半日羞（年少）。
婉约,一夜冰澌满玉壶，五更喜气动洪炉。门前桃李知麟集，庭下芝兰看鲤趋。泉脉动，草心苏。日长添得绣工夫。试询补衮弥缝手，真个曾添一线无？
婉约,岸草平沙。吴王故苑，柳袅烟斜。雨后寒轻，风前香软，春在梨花。行人一棹天涯。酒醒处、阳乱鸦。门外秋千，墙头红粉，深院谁家。
豪放,汉上繁华，江南人物，尚余宣政风流。绿窗朱户，十里烂银钩。一旦刀兵齐举，旌旗拥、百万貌狱。长驱入，歌楼舞榭，风卷落花愁。清平三百载，典章文物，扫地俱休。幸此身未北，犹客南州。破鉴徐郎何在？空惆怅、相见无由。从今后，梦魂千里，夜夜岳阳楼。
婉约,舷灯渐灭，沙动荒荒月。极目天低无去鹘，何处中原一发？江湖息影初程，舵楼一笛风生。不信狂涛东驶，蛟龙偶语分明。
婉约,客睡厌听深夜雨，潇潇彻夜偏闻。晨红太早鸟喧群。霁痕才着树，山意未离云。梅粉堆阶慵不扫，等闲过却初春。谢桥新涨碧粼粼。茜衫毡笠子，已有听泉人。
婉约,烟雨晚晴天，零落花无语。难话此时心，梁燕双来去。琴韵对薰风，有恨和情抚。肠断断弦频，泪滴黄金缕。
婉约,"云气压虚栏，青失遥山，雨丝风絮一番番。上巳清明都过了，只是春寒。华发已无端，何况花？飞来蝴蝶又成团。明日朱楼人睡起,莫卷帘看。"
豪放,"参差烟树醐陵桥,风物尽前朝。衰杨古柳,几经攀折,憔悴楚宫腰。夕阳闲淡秋光老,离思满菌皋。一曲阳关,断肠声尽,独自凭兰榛。"
婉约,高柳蝉嘶。采菱歌断秋风起。晚云如髻，湖上山横翠。帘卷西楼，过雨凉生袂。天如水，画阁十二，少个人同倚。
婉约,乘彩舫，过莲塘，棹歌惊起睡鸳鸯。带香游女偎伴笑，争窈窕，竞折团荷遮晚照。
豪放,冻云黯淡天气，扁舟一叶，乘兴离江渚。渡万壑千岩，越溪深处。怒涛渐息，樵风乍起，更闻商旅相呼。片帆高举。泛画鹊、翩翩过南浦。望中酒旖闪闪，一簇烟村，数行霜树。残日下，渔人鸣榔归去。败荷零落，衰杨掩
婉约,章台路，还见褪粉梅梢，试花桃树。惜惜坊陌人家，定巢燕子，归来旧处。黯凝伫，因念个人痴小，乍窥门户。侵晨浅约宫黄，障风映袖，盈盈笑语。前度刘郎重到，访邻寻里，同时歌舞，惟有旧家秋娘，声价如故。吟赋笔，犹记燕台句。知谁伴，名园露饮，东城闲步？事与孤鸿去，探春尽是，伤离意绪。官柳低金缕，归骑晚、纤纤池塘飞雨。断肠院落，一帘风絮。
豪放,如发，硬语盘空谁来听？记当时只有西窗月。重进酒、换鸣瑟。事无两样人心别。问渠侬：神州毕竟，几番离合？汗血盐车无人顾，千里空收骏骨。正目断关河路绝。我最怜君中宵舞，道男儿到死心如铁。看试手、补天裂。
豪放,秋晓上莲峰，高蹑倚天青壁。谁与放翁为伴？有天坛轻策。铿然忽变赤龙飞，雷雨四山黑。谈笑做成丰岁，笑禅龛榔栗。
豪放,何处相逢？登宝钗楼，访铜雀台。唤厨人斫就，东溟鲸脍；圉人呈罢，西极龙媒。天下英雄，使君与操，余子谁堪共酒杯？车千乘，载燕南赵北，剑客奇才。  饮酣画鼓如雷，谁信被晨鸡轻唤回。叹年光过尽，功名未立；书生老去，机会方来。使李将军，遇高皇帝，万户侯何足道哉！披衣起，但凄凉感旧，慷慨生哀。
婉约,峭壁参差十二峰，冷烟寒树重重。瑶姬宫殿是仙踪。金炉珠帐，香霭昼偏浓。一自楚王惊梦断，人间无路相逢。至今云雨带愁容，月斜江上，征棹动晨钟。
婉约,风住尘香花已尽，日晚倦梳头。物是人非事事休。欲语泪先流。闻说双溪春尚好，也拟泛轻舟。只恐双溪舴艋舟，载不动、许多愁。
豪放,无限伤心夕照中，故国凄凉，剩粉余红。金沟御水自西东，昨岁陈宫，今岁隋宫。往事思量一晌空，飞絮无情，依旧烟笼。长条短叶翠蒙蒙，才过西风，又过东风。
豪放,三十三年，今谁存者？算只君与长江。凛然苍桧，霜干苦难双。闻道司州古县，云溪上、竹坞松窗。江南岸，不因送子，宁肯过吾邦。拟拟，疏雨过，风林舞破，烟盖云幢。愿持此邀君，一饮空缸。居士先生老矣，真梦里，相对残钉。歌声断，行人未起，船鼓已逢逢。
婉约,团。团。美人并来遮面。玉颜憔悴三年，谁复商量管弦？弦管。弦管。春草昭阳路断。
豪放,塞北梅花羌笛吹，淮南桂树小山词。  请君莫奏前朝曲，听唱新翻杨柳枝。
婉约,记年时、人人何处，长亭曾共杯酒。酒阑归去行人远，折不尽长亭柳。渐白首。待把酒送君，恰又清明后。青条似旧，问江北江南，离愁如我，还更有人否。留不住，强把蔬盘瀹韭。行舟又报潮候。风急岸花飞尽也，一曲啼红满袖。春波皱。青草外、人间此恨年年有。留连握手。数人世相逢，百年欢笑，能得几回又。
婉约,柳庭院占风光。呢喃春昼长。碧波新涨小池塘，双双蹴水忙。萍散漫，絮飘扬。轻盈体态狂。为怜流去落红香，衔将归画梁。
婉约,庭院沉沉白日斜，绿满地又飞花。瞢腾春梦绕天涯。帘幕受风低乳燕，池塘过雨急鸣蛙。酒醒明月照窗纱。
豪放,中军玉帐旌旗绕，吴钩锦带明霜晓。快马去追风，弓声惊塞鸿。  分兵闲细柳，金字回飞奏。犒饮上恩浓，燕然思勒功。
婉约,杨柳东塘细水流，红窗睡起唤晴鸠。屏间山压眉心翠，镜里波生鬓角秋。临玉管，试琼瓯，醒时题恨醉时休。明朝花落归鸿尽，细雨春寒闭小楼。
婉约,昨夜佳期初共，鬓云低，翠翘金凤。尊前和笑不成歌，意偷传，眼波微送。草草不容成楚梦，渐寒深翠帘霜重。相看送到断肠时，月西斜，画楼钟动。
豪放,尊前拟把归期说，未语春容先惨咽。人生自是有情痴，此恨不关风与月。离歌且莫翻新阕。一曲能教肠寸结。直须看尽洛城花，始共春风容易别。
婉约,双喜鹊，几报归期浑错。尽做旧愁都忘却。新愁何处著。瘦雪一痕墙角。青子已妆萼。不道枝头无可落，东风犹作恶。
婉约,风流紫府郎，痛饮乌纱岸。柔软九回肠，冷怯玻璃盏。纤纤白玉葱，分破黄金弹。借得洞庭春，飞上桃花面。
豪放,雨急云飞，惊散暮鸦，微弄凉月。谁家疏柳低迷，几点流萤明灭。夜帆风驶，满湖烟水苍茫，菰蒲零乱秋声咽。梦断酒醒时，倚危樯清绝。  心折。长庚光怒，群盗纵横，逆胡猖獗。欲挽天河，一洗中原膏血。两宫何处？塞垣只隔长江，唾壶空击悲歌缺。万里想龙沙，泣孤臣吴越。
婉约,"重,是，为有书来与我期，便从兰杜惹相思。昨夜蝶衣刚入梦，珍东风要到送春时。三月正当三十日，占得，春光毕竟共春归。只有成并结子，都而今愿著花迟。"
豪放,六代豪华，春去也、更无消息。空怅望、山川形胜，已非畴昔。王谢堂前双燕子，乌衣巷口曾相识。听夜深、寂寞打孤城，春潮急。思往事，愁如织。怀故国，空陈迹。但荒烟衰草，乱鸦斜日。玉树歌残秋露冷，胭脂井坏寒暨泣。到如今、只有蒋山青，秦淮碧。
婉约,水天清话，院静人消。蜡炬风摇帘不下，竹影半墙如画。醉来扶上桃笙，熟罗子凉轻。一霎荷塘过雨，明朝便是秋声。
婉约,并刀如水，吴盐胜雪，纤手破新橙。锦幄初温，兽烟不断，相对坐调笙。低声问：向谁行宿？城上已三更。马滑霜浓，不如休去，直是少人行。
婉约,楼下清歌，水流歌断春风暮。梦云烟树，依约江南路。碧水黄沙，梦到寻梅处。花无数，问花无语，明月随人去。
豪放,何处望神州？满眼风光北固楼。千古兴亡多少事？悠悠。不尽长江滚滚流。  年少万兜鍪，坐断东南战未休。天下英雄谁敌手？曹刘。生子当如孙仲谋。
婉约,几点疏雅誉柳条。江南烟草绿，梦迢迢。十年旧约断琼箫。西楼下，何处玉骤骄？酒醒又今宵。画屏月上，篆香销。凭将心事记回潮。青溪水，流得到红桥。
婉约,水榭风微玉枕凉，牙床角簟藕花香。野塘烟雨罩鸳鸯。红蓼渡头青嶂远，绿・波上白鸥双。淋浪淡墨水云乡。
婉约,落日水熔金，天淡暮烟凝碧。楼上谁家红袖，靠阑干无力。鸳鸯相对浴红衣。短棹弄长笛。惊起一双飞去，听波声拍拍。
豪放,滚滚长江东逝水，浪花淘尽英雄。是非成败转头空。青山依旧在，几度夕阳红。  白发渔樵江渚上，惯看秋月春风。一壶浊酒喜相逢。古今多少事，都付笑谈中。
婉约,看斜阳一缕，冈睫得，片帆归。正岸绕孤城，波回野渡，月暗闲堤。依稀是谁相忆？轻魂如梦逐烟飞。赢得双双泪眼，从教涴尽罗衣。江南几日又天涯，谁与寄相思？怅夜夜霜花，空林开遍，也只侬知。安排十分秋色，便芳菲总是别离时。惟有醉将醵酿，任他柔橹轻移。
婉约,淳熙丙申至日，予过维扬。夜雪初霁，荠麦弥望。入其城，则四顾萧条，寒水自碧，暮色渐起，戍角悲吟，予怀怆然。感慨今昔，因自度此曲。千岩老人以为有黍离之悲也。淮左名都，竹西佳处，解鞍少驻初程。过春风十里。尽荠麦青青。自胡马窥江去后，废池乔木，犹厌言兵。渐黄昏，清角吹寒。都在空城。杜郎俊赏，算而今、重到须惊。纵豆蔻词工，青楼梦好，难赋深情。二十四桥仍在，波心荡、冷月无声。念桥边红药，年年知为谁生。
婉约,醉别西楼醒不记。春梦秋云，聚散真容易。斜月半窗还少睡，画屏闲展吴山翠。衣上酒痕诗里字。点点行行，总是凄凉意。红烛自怜无好计，夜寒空替人垂泪。
婉约,杭苇岸才登，行入乱峰层碧。十里平沙浅渚，又渡头人立。笋将摇梦上轻舟，舟尾浪花湿。恰好乌篷小小，载一肩秋色。
婉约,萋萋芳草忆王孙，柳外楼高空断魂。杜宇声声不忍闻。欲黄昏，雨打梨花深闭门。
婉约,去年人在凤凰池，银烛夜弹丝。沉水香消，梨云梦暖，深院绣帘垂。今年冷落江南夜，心事有谁知。杨柳风柔，海棠月澹，独自倚栏时。
豪放,渡江天马南来，几人真是经纶手？长安父老，新亭风景，可怜依旧！夷甫诸人，神州沉陆，几曾回首？算平戎万里，功名本是，真儒事？公知否？况有文章山斗，对桐阴、满庭清昼。当年堕地，而今试看，风云奔走。绿野风烟，平泉草木，东山歌酒。待他年，整顿乾坤
婉约,粉墙丹柱柳丝中。帘箔轻明花影重。午醉醒来一面风。绿葱葱。几颗樱桃叶底红。
豪放,短衣匹马清秋，惯曾射虎南山下。西风白水，
婉约,试问梅花何处好，与君藉草携壶。西园清夜片尘无。一天云破碎，两树玉扶疏。谁撅昭华吹古调，散花便满衣裾。只疑幽梦在清都。星稀河影转，霜重月华孤。
婉约,画毂雕鞍狭路逢，一声肠断绣帘中。身无彩凤双飞翼，心有灵犀一点通。金作屋，玉为笼，车如流水马如龙。刘郎已恨蓬山远，更隔蓬山几万重。
婉约,山城夜半催金柝，酒醒孤馆灯花落。窗白一声鸡，枕函闻马嘶。门前乌柏树，霜月迷行处。遥忆独眠人，早寒惊梦频。
豪放,雪洗虏尘静，风约楚云留。何人为写悲壮，吹角古城楼。湖海平生豪气，关塞如今风景，剪烛看吴钩。剩喜燃犀处，骇浪与天浮。  忆当年，周与谢，富春秋。小乔初嫁，香囊未解，勋业故优游。赤壁矶头落照，肥水桥边衰草，渺渺唤人愁。我欲乘风去，击楫誓中流。
婉约,韶华争肯偎人住？已是滔滔去。西风无赖过江来，历尽千山万水几时回？秋声带叶萧萧落，莫响城头角！浮云遮月不分明，谁挽长江一洗放天青？
豪放,壬申夏，泛舟西湖，述怀有赋，时予别杭州盖十年矣。(序)  天风吹我，堕湖山一角，果然清丽。曾是东华生小客，回首苍茫无际。屠狗功名，雕龙文卷，岂是平生意。乡亲苏小，定应笑我非计。  才见一抹斜阳，半堤香草，顿惹清愁起。罗袜音尘何处觅，渺渺予怀孤寄。怨去吹箫，狂来说剑，两样销魂味。两般春梦，橹声荡入云水。
豪放,露坐榕阴须痛饮，从渠叠鼓频催。暮山新月两徘徊。离愁秋水远，醉眼晓帆开。泛宅浮家游戏去，流行坎止忘怀。江边鸥鹭莫相猜。上林消息好，鸿雁已归来。
豪放,霜降碧天静，秋事促西风。寒声隐地初听，中夜入梧桐。起瞰高城回望，寥落关河千里，一醉与君同。叠鼓闹清晓，飞骑引雕弓。  岁将晚，客争笑，问衰翁：平生豪气安在？走马为谁雄？何似当筵虎士，挥手弦声响处，双雁落遥空。老矣真堪愧，回首望云中。
婉约,似花还似非花，也无人惜从教坠。抛家傍路，思量却是，无情有思。萦损柔肠，困酣娇眼，欲开还闭。梦随风万里，寻郎去处，又还被、莺呼起。不恨此花飞尽，恨西园、落红难缀。晓来雨过，遗踪何在？一池萍碎。春色三分，二分尘土，一分流水。细看来，不是杨花，点点是离人泪0
婉约,璧月小红楼，听得吹箫忆旧游。霜冷阑干天似水，扬州，薄彳幸声名总是愁。尘暗鹔鹴裘，裁剪曾劳玉指柔。一梦觉来三十载，风流，空对梅花白了头。
婉约,春晚态浓意远，眉颦笑浅，薄罗衣窄絮风软。鬓云欺翠卷。南园花树春光暖。红香径里榆钱满。欲上秋千又惊懒，且归休怕晚。
豪放,长忆观潮，满郭人争江上望。来疑沧海尽成空，万面鼓声中。  弄潮儿向涛头立，手把红旗旗不湿。另“来几向梦中看，梦觉尚心寒。
婉约,寒销尽，疏雨过，清明后。花径敛余红，风沼萦新皱。乳燕穿庭户，飞絮沾襟袖。正佳时，仍晚昼。著人滋味，真个浓如酒。频移带眼，空只恁、厌厌瘦。不见又思量，见了还依旧。为问频相见，何似长相守？天不老，人未偶。且将此恨，分付庭前柳。
婉约,雨后晓寒轻，花外晓莺啼歇。愁听隔溪漏，正一声凄咽。不堪西望去程赊，离肠万回结。不似海棠花下，按凉州时节
婉约,香冷金猊被翻红浪，起来慵自梳头。任宝奁尘满，日上帘钩。生怕离怀别苦，多少事，欲说还休。新来瘦。非干病酒，不是悲秋。休休！这回去也，千万遍阳关，也则难留。念武陵人远，烟锁秦楼。惟有楼前流水，应念我、终日凝眸。凝眸处，从今又添，一段新愁。
婉约,润州作，代人寄远去年相送，余杭门外，飞雪似杨花。今年春尽，杨花似雪，犹不见还家。对酒卷帘邀明月，风露透窗纱。恰似姮娥怜双燕，分明照，画梁斜。
婉约,离恨远萦杨柳，梦魂长绕梨花。青衫记得章台月，归路玉鞭斜。翠镜啼痕印袖，红墙醉墨笼纱。相逢不尽平生事，春思入琵琶。
豪放,江南好，风景旧曾谙。  日出江花红胜火，春来江水绿如蓝。  能不忆江南？
婉约,满斟绿醑留君住，莫匆匆归去。三分春色二分愁，更一分风雨。花开花谢，都来几许？且高歌休诉。不知来岁牡丹时，再相逢何处？
婉约,山抹微云，天连衰草，画角声断谯门。暂停征棹，聊共引离尊。多少蓬莱旧事，空回首、烟霭纷纷。斜阳外，寒鸦万点，流水绕孤村。消魂，当此际，香囊暗解，罗带轻分。谩赢得青楼、薄彳幸名存。此去何时见也！襟袖上、空惹啼痕。伤情处，高城望断，灯火已黄昏。
婉约,屈指数春来，弹指惊春去。檐外蛛丝网落花，也要留春住。几日喜春晴，几夜愁春雨。十二雕窗六曲屏，题遍伤心句。
婉约,人去西楼雁杳，叙别梦，扬州一觉。云淡星疏楚山晓，听啼乌，立河桥，话未了0雨外蛩声早，细织就霜丝多少？说与萧娘未知道，向长安，对秋灯，几人老？
婉约,千古武陵溪上路。桃源流水潺潺。可怜仙侣剩浓欢。黄鹂惊梦破，青鸟唤春还。回首旧游浑不见。苍烟一片荒山。玉人何处倚栏干。紫箫明月底，翠袖暮二寒。
婉约,斜月横，疏星炯，不道秋宵真永。声缓缓，滴泠泠，双眸未易扃0霜叶坠，幽虫絮，薄酒何曾得醉！天下事，少年心，分明点点深。
婉约,杏花开了燕飞忙，正是好春光。偏是好春光，者几日、风凄雨凉。杨枝飘泊，桃根娇小，独自个思量。刚待不思量，吹一片、箫声过墙。
豪放,街鼓动，禁城开，天上探人回。凤衔金榜出云来，平地一声雷。  莺已迁，龙已化，一夜满城车马。家家楼上簇神仙，争看鹤冲天。
婉约,眉端早识愁滋味，娇羞未解论心事。试问忆人不？无言点头。唤人归不早，故把金杯恼。醉看舞时腰，还如旧日娇。
婉约,我住长江头，君住长江尾。日日思君不见君，共饮长江水。此水几时休？此恨何时已？只愿君心似我心，定不负相思意。
婉约,溪山掩映斜阳里，楼台影动鸳鸯起。隔岸两三家，出墙红杏花。绿杨堤下路，早晚溪边去。三见柳絮飞，离人犹未归。
豪放,斜月横，疏星炯。不道秋宵真永。声缓缓，滴泠泠。双眸未易扃。霜叶坠，幽虫絮。薄酒何曾得醉。天下事，少年心。分明点点深。
豪放,九曲黄河万里沙，浪淘风簸自天涯。  如今直上银河去，同到牵牛织女家。
婉约,长安独客。又见西风、素月、丹枫，凄然其为秋也。因调夹钟羽一解烟水阔，高林弄照，晚蜩凄切。碧砧度韵，银床飘叶。衣湿桐露冷，采凉花时赋秋雪。叹轻别，一襟幽事，砌虫能说。客思吟商还怯，怨歌长、琼壶暗缺。翠恩疏，红衣香褪，翻成消歇。玉骨西风，恨最恨、闲却新凉时节。楚箫咽，谁寄西楼淡月。
豪放,塞上秋风鼓角，城头落日旌旗。少年鞍马适相宜。从军乐，莫问所从谁。  侯骑才通蓟北，先声已动辽西。归期犹及柳依依。春闺月，红袖不须啼。
豪放,百年强半，高秋犹在天南畔。幽怀已被黄花乱。更恨银蟾。故向愁人满。  招呼诗酒癫狂伴。羽觞到手判无算。浩歌箕踞巾聊岸。酒欲醒时，兴在卢仝碗。
婉约,剪红情，裁绿意，花信上钗股。日东风，不放岁华去。有人添烛西窗，不眠侵晓，笑声转、新年莺语。旧尊俎，玉纤曾擘黄柑，柔香系幽素。归梦湖边，还迷镜中路。可怜千点吴霜，寒销不尽，又相对、落梅如雨。
婉约,春夜闻隔墙歌吹声阑珊心绪，醉倚绿琴相伴住。一枕新愁，夜花香月满楼。繁笙脆管，吹得锦屏春梦远。只有垂杨，不放秋千影过墙。
豪放,斗酒彘肩，风雨渡江，岂不快哉。被香山居士，约林和靖，与东坡老，驾勒吾回。坡谓西湖，正如西子，浓抹淡妆临镜台。二公者，皆掉头不顾，只管衔杯。  白云天竺去来。图画里、峥嵘楼观开。爱东西双涧，纵横水绕，两峰南北，高下云堆。逋曰不然，暗香浮动，争似孤山先探梅。须晴去，访稼轩未晚，且此徘徊。
豪放,蓼岸风多桔柚香，江边一望楚天长，片帆烟际闪孤光。目送征鸿飞杳杳，思随流水去茫茫，兰红波碧忆潇湘。
婉约,戊申秋隽，喜晤故人甘露洒瑶池，洗出新妆换旧姿。今日方教花并蒂，迟迟，终是莲台大士慈。明月照相思，也得姮娥念我痴。同到花前携手拜，孜孜，谢了杨枝谢桂枝。
婉约,人人尽说江南好，游人只合江南老。春水碧于天，画船听雨眠。垆边人似月，皓腕凝霜雪。未老莫还乡，还乡须断肠。
婉约,谁道闲情抛掷久？每到春来，惆怅还依旧。日日花前长病酒，不辞镜里朱颜瘦。河畔青芜堤上柳。为问新愁，何事年年有？独立小桥风满袖，平林新月人归后。
婉约,木棉花映丛祠小，越声里春光晓。铜鼓与蛮歌，南人祈赛多。客帆风正急，茜袖偎樯立。极浦几回头，烟波无限愁。
豪放,平林漠漠烟如织，寒山一带伤心碧。暝色入高楼，有人楼上愁。  玉阶空伫立，宿鸟归飞急。何处是归程？长亭连短亭。
豪放,倚天绝壁，直下江千尺。天际两蛾凝黛，愁与恨，几时极！  暮潮风正急，酒阑闻塞笛。试问谪仙何处？青山外，远烟碧。
婉约,断烟离绪。关心事，斜阳红隐霜树。半壶秋水荐黄花，香噀西风雨。纵玉勒、轻飞迅羽，凄凉谁吊荒台古？记醉踏南屏，咽寒蝉，倦梦不知蛮素。聊对旧节传杯，尘蠹管，断阕经岁慵赋。小蟾斜影转东篱，夜冷蛩语。早白发、缘愁万缕。惊飙从卷乌纱去。谩细将、茱萸看，约明年，翠微高处。
婉约,春漠漠，海棠花底东风恶。人情不似春情薄，守定花枝，不放花零落。绿尊细细共春酌，酒醒无奈愁如昨。殷勤待与东风约；莫苦吹花，何似吹愁却！
婉约,楼外垂杨千万缕，欲系青春，少住春还去。犹自风前飘柳絮，随春且看归何处。绿满山川闻杜宇，便作无情，莫也愁人苦。把酒送春春不语，黄昏却下潇潇雨。
豪放,箫声咽，秦娥梦断秦楼月。秦楼月，年年柳色，潮陵伤别。乐游原上清秋节，咸阳古道音尘绝。音尘绝，西风残照，汉家陵阙。
豪放,九曲池头三月三。柳铤铤。香尘扑马喷金衔。碗春衫。苦简酮鱼乡味美，梦江南。阊门烟水晚风恬。落归帆。
婉约,门外猾儿吠，知是萧郎至。刬袜下香阶，冤家今夜醉。扶得入罗帏，不肯脱罗衣。醉则从他醉，还胜独睡时。
豪放,乾坤能大，算蛟龙、元不是池中物。风雨牢愁无著处，那更寒螯四壁。横槊题诗，登楼作赋，万事空中雪。江流如此，方来还有英杰。堪笑一叶飘零，重来淮水，正凉风新发。镜里朱颜都变尽，只有丹心难灭。去去龙沙，江山回首，一线青
婉约,抛尽榆钱，依然难买春光驻。依春无语，肠断春归路。春去能来，人去能来否？长亭暮，乱山无数。只有鹃声苦。
婉约,柳暗花明春事深。小阑红芍药，已抽簪。雨余风软碎鸣，迟迟日，犹带一分。往事莫沉吟，身闲时序好，且登临。旧游无处不堪寻，无寻处，惟有少年心。
豪放,吴山青处，恨长安路断，黄尘如雾。荆楚西来行堑远，北过淮堧严扈。九塞貔貅，三关虎豹，空作陪京固。天高难叫，若为得诉忠语。  追念江左英雄，中兴事业，枉被奸臣误。不见翠华移跸处，枉负吾皇神武。击楫凭谁，问筹无计，何日宽忧顾。倚筇长叹，满怀清泪如雨。
婉约,独自上层楼，楼外青山远。望到斜阳欲尽时，不见西飞雁。独自下层楼，楼下蛩声怨。待到黄昏月上时，依旧柔肠断。
豪放,画船载酒西湖好，急管繁弦，玉盏催传。稳泛平波任醉眠。行云却在行舟下，空水澄鲜。俯仰留连。疑是湖中别有天。
豪放,平生太湖上，短棹几经过。如今重到，何事愁与水云多？拟把匣中长剑？换取扁舟一叶，归去老渔蓑。银艾非吾事，丘壑已蹉跳。脍新皱，斟美酒，起悲歌。太平生长，岂谓今日识兵戈？欲泻三江雪浪，净洗胡尘千里，不用挽天河！回首望霄汉，双泪堕清波。
婉约,花前失却游春侣，独自寻芳。满目悲凉。纵有笙歌亦断肠。林间戏蝶帘间燕，各自双双。忍更思量，绿树青苔半夕阳。
豪放,照野旌旗，朝天车马，平沙万里天低。宝带金章，尊前茸帽风欹。秦关汴水经行地，想登临、都付新诗。纵英游、叠鼓清笳，骏马名妓。  酒酣应对燕山雪，正冰河月冻，晓陇云飞。投老残年，江南谁念方回。东风渐绿西湖柳，雁已还，人未南归。最关情，折尽梅花，难寄相思。
豪放,浊波浩浩东倾，今来古往无终极。经天亘地，滔滔流出，昆仑东北。神浪狂飙，奔腾触裂，轰雷沃日。看中原形胜，千年王气。雄壮势、隆今昔。  鼓茫茫万里，棹歌声、响凝空碧。壮游汗漫，山川绵邈，飘飘吟迹。我欲乘槎，直穷银汉，问津深入。唤君平一笑，谁夸汉客，取支机石。
豪放,渔翁夜傍西岩宿，晓汲清湘燃楚竹。
豪放,唱彻阳关泪未干，功名余事且加餐。浮天水送无穷树，带雨云埋一半山。今古恨，几千般，只应离合是悲欢？江头未是风波恶，别有人间行路难。
豪放,"小住京华，早又是、中秋佳节。为篱下、黄花开遍,秋容如拭。四面歌残终破楚，八年风味徒思浙。苦将侬、强派作娥眉  ，殊未屑！  身不得，男儿列，心却比，男儿烈。算平生肝胆，因人常热。俗子胸襟谁识我？英雄末路当磨折。莽红尘，何处觅知音？青衫湿！"
婉约,东城渐觉风光好。縠皱波纹迎客棹。绿杨烟外晓寒轻，红杏枝头春意闹。浮生长恨欢娱少。肯受千金轻一笑。为君持酒劝斜阳，且向花间留晚照。
豪放,郁孤台下清江水，中司多少行人泪！西北望长安，可怜无数山。青山遮不住，毕竟东流去。江晚正愁余，山深闻鹧鸪。
婉约,赤泥亭子沙头小，青青丝柳轻罩。亭下响流澌，衣波双鹭鹚。田田初出水，菌萏念娇蕊。添个浣衣人。红潮较浅深。
豪放,晴野鹭鹭飞一只，水滨花发秋江碧。刘郎此日别天仙，登绮席，泪珠滴，十二晚峰高历历。
豪放,夜饮东坡醒复醉，归来仿佛三更。家童鼻息已雷鸣。敲门都不应，倚杖听江声。  长恨此身非我有，何时忘却营营？夜阑风静縠纹平。小舟从此逝，江海寄余生。
豪放,春感铁马蒙毡银花洒泪，春入愁城。笛里番腔？街头戏鼓，不是歌声。那堪独坐青灯!想故国、高台月明。辇下风光，山中岁月，海上心情。
豪放,"雾豫漾,风淅淅，杨柳带疏烟。飘飘轻絮满南国，墙下草旺眠。燕初飞，莺已老，拂面春风长好。相逢携手且高歌，人生得几何。"
豪放,白浪茫茫与海连，平沙浩浩四无边。  暮去朝来淘不住，遂令东海变桑田。
婉约,十载归来故旧欢。一笑从知春有意，篱边，三两余花向我妍。哀乐信无端，觉吾心此处安。谁分去来乡国事，凄然，曾是承平两少年。
婉约,满眼韶华，东风惯是吹红去。几番烟雾，只有花难护。梦里相思，故国王孙路。春无主，杜鹃啼处，泪染胭脂雨。
豪放,雾失楼台，月迷津渡，桃源望断无寻处。可堪孤馆闭春寒，杜鹃声里斜阳暮。驿寄梅花，鱼传尺素，砌成此恨无重数。郴江幸自绕郴山，为谁流下潇湘去。
婉约,恨君不似江楼月。南北东西，南北东西，只有相随无别离。恨君却似江楼月，暂满还亏，暂满还亏，待得团圆又几时。
婉约,炉烟一窗，瓶花一床，更添十里湖光，对南屏晚妆。藕风气香，竹风韵凉，等他月照回廊，浴鸳鸯一双。
豪放,塞下秋来风景异，衡阳雁去无留意。四面边声连角起。千嶂里，长烟落日孤城闭。  浊酒一杯家万里，燕然未勒归无计。羌管悠悠霜满地。人不寐，将军白发征夫泪。
婉约,柳色遮楼暗，桐花落砌香，画堂开处远风凉。高卷水精帘额，衬斜阳。
婉约,山一程，水一程，身向榆关那畔行，夜深千帐灯。风一更，雪一更，聒碎乡心梦不成，故园无此声。
婉约,斑竹枝，斑竹枝，泪痕点点寄相思。楚客欲听瑶瑟怨，满江深夜月明时。
豪放,江南岸，云树半晴阴。帆去帆来天亦老，潮生潮落日还沉。南北别离心。  兴废事，千古一沾襟。山下孤烟渔市远，柳边疏雨酒家深。行客莫登临。
豪放,元丰七年四月一日，余将去黄移汝，留别雪堂邻里二三君子，会仲览自江东来别，遂书以遗之。（序）  归去来兮，吾归何处？万里家在岷峨。百年强半，来日苦无多。坐见黄州再闰，儿童尽楚语吴歌。山中友，鸡豚社酒，相劝老东坡。  云何，当此去，人生底事，来往如梭。待闲看秋风，洛水清波。好在堂前细柳，应念我，莫剪柔柯。仍传语，江南父老，时与晒渔
豪放,登临送目，正故国晚秋，天气初肃。千里澄江似练，翠峰如簇。归帆去棹残阳里，背西风，酒旗斜矗。彩舟云淡，星河鹭起，画图难足。念往昔、繁华竞逐，叹门外楼头，悲恨相续。千古凭高，对此谩嗟荣辱。六朝旧事随流水，但寒烟衰草凝绿。至今商女，时时犹唱，后庭遗曲。
婉约,休相问，怕相问，相问还添恨。春水满塘生，	还相趁。昨夜雨霏霏，临明寒一阵。偏忆戍楼人，久绝边庭信。
豪放,竞渡红旗高举，飞出深深杨柳渚。鼓击春雷，直破烟波远远回。欢声震地，惊退万人争战气。金碧楼西，衔得锦标第一归。
婉约,雁落平沙，烟笼寒水，古垒鸣笳声断。青山隐隐，败叶萧萧，天际暝鸦零乱。楼上黄昏，片帆千里归程，年华将晚。望碧云空暮，佳人何处，梦魂俱远。忆旧游、邃馆朱扉，小园香径，尚想桃花人面。书盈锦轴，恨满金徽，难写寸心幽怨。两地离愁，一尊芳酒，凄凉危栏倚遍。尽迟留，凭仗西风，吹干泪眼。
豪放,北望神州路，试平章这场公事，怎生分付？记得太行兵百万，曾入宗爷驾驭。今把作握蛇骑虎。君去京东豪杰喜，想投戈、下拜真吾父。谈笑里，定齐鲁。  两河萧瑟惟狐兔，问当年祖生去后，有人来否？多少新亭挥泪客，谁梦中原块土？算事业须由人做。应笑书生心胆怯，向车中闭置如新妇。空目送，塞鸿去。
婉约,夜寒茅店不成眠。月照吟鞭。黄花细雨时候，催上渡头船。鸥似雪，水如天。忆当年。到家应是，童稚牵衣，笑我华颠。
豪放,楼观青红倚快晴，惊看陆地涌蓬瀛。南国花影笙歌地，东岭松风鼓角声。  山绕水，水萦城，柳边沙外古今情。坐中更有挥毫客，一段风流画不成。
婉约,月皎惊乌栖不定。更漏将，赣辘牵金井。唤起两眸清炯炯，泪花落枕红绵冷。执手霜风吹鬓影，去意徘徊，别语愁难听。楼上阑干横斗柄，露寒人远鸡相应。
豪放,胡马，胡马，远放燕支山下。  跑沙跑雪独嘶，东望西望路迷。  迷路，迷路，边草无穷日暮。
婉约,自春来、惨绿愁红，芳心是事可可。日上花梢，莺穿柳带，犹压香衾卧。暖酥消，腻云亸，终日厌厌倦梳裹。无那。恨薄情一去，音书无个。早知恁么。悔当初、不把雕鞍锁。向鸡窗，只与蛮象管，拘束教吟课。镇相随，莫抛躲。针线闲拈伴伊坐。和我。免使年少，光虚过。
豪放,甚矣吾衰矣！怅平生、交游零落，只今余几？白发空垂三千丈，一笑人间万事。向何物、能令公喜？我见青山多妩媚，料青山见我应如是。情与貌，略相似。一尊搔首东窗里。想渊明、停云诗就，此时风味。江左沉酣求名者，岂识浊醪妙理！回首叫、云飞风起。不恨古人吾不见，恨古人不见吾狂耳。知我者，二三子。
豪放,宰相巍巍坐庙堂，说着经量，便要经量。那个巨僚上一章？头说经量，尾说经量。轻狂太守在吾邦，闻说经量，星夜经量。山东河北久抛荒，好去经量，胡不经量？
婉约,红茉莉，穿作一花梳。金缕抽蝴蝶茧，钗头立冬凤凰雏。肯忆故人姝。
婉约,乍暖还轻冷。风雨晚来方定。庭轩寂寞近清明，花中酒，又是去年病。楼头画角风吹醒。入夜重门静。那堪更被明月，隔墙送过秋千
豪放,岳阳楼袖剑飞吟。洞庭青草、秋水深深。万顷波光，岳阳楼上，一快披襟。不须携酒登临。问有酒、何人共斟？变尽人间，君山一点，自古如今。
婉约,晓月坠，宿云披，银烛锦屏帷。建章钟动玉绳低，宫漏出花迟。春态浅，来双，红日渐长一线。严妆欲罢嘿黄鹂，飞上万年枝。
婉约,凤髻金泥带，龙纹玉掌梳。走来窗下笑相扶，爱道：“画眉深浅入时无？”弄笔偎人久，描花试手初。等闲妨了绣功夫，笑问：“鸳鸯两字怎生书？”
婉约,寂寂画堂梁上燕，高卷翠帘横数。一庭春色恼人来，满地落花红几片。愁倚锦屏低雪面，泪滴绣罗金缕线。好天凉月尽伤心，为是玉郎长不见。
婉约,楚江湄，湘娥乍见，无言洒清泪，淡然春意。空独倚东风，芳思谁寄？凌波路冷秋无际。香云随步起，漫记得、汉宫仙掌，亭亭明月底。冰弦写怨更多情，骚人恨，枉赋芳兰幽芷。春思远，谁叹赏国香风味？相将共、岁寒伴侣，小窗静，沉烟熏翠袂。幽梦觉、涓涓清露，一枝灯影里。
豪放,酌一卮，须教玉笛吹。  锦筵红蜡烛，莫来迟。  繁红一夜经风雨，是空枝。
婉约,以书寄西泠诸友，即题其后说相思，问相思，枫落吴江雁去迟。天寒二九时。怨谁知？梦谁知？可有梅花寄一枝？雪来翠羽飞
豪放,曰射人间五色芝，鸳鸯宫瓦碧参差。西山晴雪入新诗。焦土已经三月火，残花犹发万年枝。他年江令独来时。
婉约,花前顾影粼粼。水中人。水面花片片绕人身。私自整，红斜领，茜儿巾。却讶领间巾里刺花新。
豪放,城外春风吹酒旗，行人挥袂日西时。  长安陌上无穷树，唯有杨柳管别离。
婉约,辛亥之冬，予载雪诣石湖。止既月，授简索句，且征新声。作此两曲，石湖把玩不已，使工伎隶习之，音节谐婉，乃名之曰“暗香疏影”。旧时月色，算几番照我，梅边吹笛。唤起玉人，不管清寒与攀摘。何逊而今渐老，都忘却、春风词笔。怪得、竹外疏花，香冷入瑶席。江国，正寂寂，叹寄与路遥，夜雪初积。翠尊易泣，红萼无言耿相忆。长记曾携手处，千树压、西湖寒碧。又片片、吹尽也，几时见得。
婉约,多少恨，昨夜梦魂中。还似旧时游上苑，车如流水马如龙。花月正春风。
婉约,露花倒影，烟芜蘸碧，灵沼波暖。金柳摇风树树，系彩舫龙舟遥岸。千步虹桥，参差雁齿，直趋水殿。绕金堤、曼衍鱼龙戏，簇娇春罗绮，喧天丝管。霁色荣光，望中似睹，蓬莱清浅。时见。凤辇宸游，鸾觞禊饮，临翠水、开镐宴。两两轻舫飞画楫，竞夺锦标霞烂。欢娱，歌鱼藻，徘徊宛转。别有盈盈游女，各委明珠，争收翠羽，相将归远。渐觉云海沈沈，洞天日晚
婉约,中秋月。月到中秋偏皎洁。偏皎洁，知他多少，晴圆缺。晴圆缺都休说。且喜人间好时节。好时节。愿得年年，常见中秋月。
婉约,双蝶绣罗裙，东池宴，初相见。朱粉不深匀，闲花淡淡春。细看诸处好，人人道，柳腰身。昨日乱山昏，来时衣上云。
婉约,水边沙外，城郭春寒退。花影乱，莺声碎。飘零疏酒盏，离别宽衣带。人不见，碧云暮合空相对。忆昔西池会，鹅鹭同飞盖。携手处，今谁在？日边清梦断，镜里朱颜改。春去也！飞红万点愁如海。
婉约,小令尊前见玉箫。银灯一曲太妖娆。歌中醉倒谁能恨，唱罢归来酒未消。春悄悄，夜迢迢。碧云天共楚宫遥。梦魂惯得无拘检，又踏杨花过谢桥。
豪放,举头西北浮云，倚天万里须长剑。人言此地，夜深长见，斗牛光欲。我觉山高，潭空水冷，月明星淡。待燃犀下看，凭栏却怕，风雷怒，鱼龙惨。峡束苍江对起，过危楼，欲飞还敛。元龙老矣，不妨高卧，冰壶凉簟。千古兴亡，百年悲笑，一时登览。问何人又卸片帆沙岸，系斜阳缆？
婉约,翠岭一千寻，岭上彩云如幄。云影波光相射，荡楼台春绿。仙鬟撩鬓倚双扉，窈窕一枝玉。日暮九疑何处？认舜祠丛竹
豪放,青草湖中月正圆，巴陵渔父棹歌连。  钓车子，橛头船，乐在风波不用仙。
婉约,秋来愁更深，黛拂双蛾浅。翠袖怯天寒，修竹萧萧晚。此意有谁知，恨与孤鸿远。小立背西风，又是重门掩。
豪放,洞庭青草，近中秋，更无一点风色。玉界琼田三万顷，着我扁舟一叶。素月分辉，明河共影，表里俱澄澈。悠然心会，妙处难与君说。  应念岭表经年，孤光自照，肝胆皆冰雪。短发萧骚襟袖冷，稳泛沧溟空阔。尽挹西江，细斟北斗，万象为宾客。扣舷独啸，不知今夕何夕。
婉约,花似雪，东风夜扫苏堤月。苏堤月，香销南国，几回圆缺？钱塘江山潮声歇，江边杨柳谁攀折？谁攀折，西陵渡口，古今离别。
豪放,举手钓鳌客，削迹种瓜侯。重来吴会三伏，行见五湖秋。耳畔风波摇荡，身外功名飘忽，何路射旄头。孤负男儿志，怅望故园愁。梦中原，挥老泪，遍南州。元龙湖海豪气，百尺卧高楼。短发霜粘两鬓，清夜盆倾一雨，喜听瓦鸣沟。犹有壮心在，付与百川流。
婉约,莺啼处，摇荡一天疏雨。极目平芜人尽去，断红明碧树。费得炉烟无数，只有轻寒难度。忽见西楼花影露，弄晴催薄暮。
豪放,神州沉陆，问谁是、一范一韩人物。北望长安应不见，抛却关西半壁。塞马晨嘶，胡笳夕引，赢得头如雪。三秦往事，只数汉家三杰。试看百二山河，奈君门万里，六师不发。间外何人回首处，铁骑干群都灭。拜将台敲，怀贤阁杳，空指冲冠发。阑干拍遍，独对中天明月。
豪放,荻花秋，潇湘夜，橘洲佳景如屏画。碧烟中，明月下，小艇垂纶初罢。  水为乡，蓬作舍，鱼羹稻饭常餐也。酒盈杯，书满架，名利不将心挂。
婉约,淅江归路杳，西南却羡、投林高鸟。升斗微官，世累苦相萦绕。不似麒麟殿里，又不与、巢由同调。时自笑，虚名负我，半生吟啸扰扰马足车尘，被岁月无情，暗消年少。钟鼎山林，一事几时曾了。四壁秋虫夜雨，更一点、灯斜照。清镜晓，白发又添多少。
婉约,正是破瓜年纪，含情惯得人饶。桃李精神鹦鹉舌，可堪虚度良宵。却爱蓝罗裙子，羡他长束纤腰。
豪放,满眼韶华，东风惯是吹红去。几番烟雾，只有花难护。  梦里相思，芳草王孙路。春无语。杜鹃啼处，泪染胭脂雨。
婉约,枫落河梁野水秋，淡烟衰草接荒丘。醉眠小坞黄茅店，梦倚高城赤叶楼。天杳杳，路悠悠，钿筝歌等闲休。灞桥杨柳年年恨，鸳蒲芙蕖叶叶愁。
豪放,闲梦远，南国正清秋。千里江山寒色远，芦花深处泊孤舟。笛在月明楼。
豪放,南国本潇洒。六代浸豪奢。台城游冶。襞笺能赋属宫娃。云观登临清夏。璧月流连长夜。吟醉送年华。回首飞鸳瓦。却羡井中蛙。访乌衣，成白社。不容车。旧时王谢。堂前双燕过谁家。楼外河横斗挂。淮上潮平霜下。樯影落寒沙。商女篷窗罅。犹唱后庭花。
婉约,泪眼注，临当去，此时欲住已难住。下楼复上楼，楼头风吹雨。风吹雨，草草离人语。
婉约,去年元夜时，花市灯如昼。月上柳梢头，人约黄昏后。今年元夜时，月与灯依旧。不见去年人，泪湿春衫袖。
婉约,槐别院宜清昼，入座春风秀。美人图子阿谁留。都是宣和名笔，内家收。莺莺燕燕分飞后，粉淡梨花瘦。只除苏小不风流。斜插一枝萱草，凤钗头。
豪放,缺月挂疏桐，漏断人初静。时见幽人独往来，缥缈孤鸿影。  惊起却回头，有恨无人省。拣尽寒枝不肯栖，寂寞沙洲冷。
婉约,饮散离亭西去，浮生长恨飘蓬。回头烟柳渐重重，淡云孤雁远，寒日暮天红。今夜画船何处？潮平淮月朦胧。酒醒人静奈愁浓！灯孤枕梦，轻浪五更风。
豪放,长淮望断，关塞莽然平。征尘暗，霜风劲，悄边声。黯销凝。追想当年事，殆天数，非人力；洙泗上，弦歌地，亦膻腥。隔水毡乡，落日牛羊下，区脱纵横。看名王宵猎，骑火一川明，笳鼓悲鸣，遣人惊。  念腰间箭，匣中剑，空埃蠹，竟何成！时易失，心徒壮，岁将零。渺神京。干羽方怀远，静烽燧，且休兵。冠盖使，纷驰骛，若为情！闻道中原遗老，常南望、翠葆霓旌。使行人到此，忠愤气填膺，有泪如倾。
豪放,城下路，凄风露，今人犁田古人墓。岸头沙，带兼葭，漫漫昔时流水今人家。黄埃赤日长安道，倦客无浆马无草。开函关，掩函关，千古如何不见一人闲？  六国扰，三秦扫，初谓商山遗四老。驰单车，致缄书，裂荷焚芰、接武曳长裾。高流端得酒中趣，深入醉乡安稳处。生忘形，死忘名。谁论二豪初不数刘伶？
豪放,楚山青，湘水流，春风澹荡看不足。草芋芋，花簇簇，海艇棹船相续。信浮沉，无管束，钓回乘月归弯曲。酒盈斟，云满屋，不见人间荣辱。
婉约,露条烟叶，惹长亭旧恨，几番风月。爱细缕、先窣轻黄，渐拂水藏鸦，翠相接。纤软风流，眉黛浅、三眠初歇。奈年华又晚，萦绊游蜂，絮飞晴雪。依依灞桥怨别，正千丝万绪，难禁愁绝。怅岁久、应长新条，念曾系花骤，屡停兰楫。弄影摇晴，恨闲损，春风时节。隔邮亭，故人望断，舞腰瘦怯。
婉约,花褪红青杏小。燕子飞时，绿水人家绕。枝上柳绵吹又少，天涯何处无芳草。墙里秋千墙外道。墙外行人，墙里佳人笑。笑渐不闻声渐悄，多情却被无情恼。
婉约,庭院深深深几许？杨柳堆烟，帘幕无重数。玉勒雕鞍游冶处，楼高不见章台路0雨横风狂三月暮，门掩黄昏，无计留春住。泪眼问花花不语，乱红飞过秋千去。
豪放,凭高远望，见家乡、只在白云深处。镇日思归归未得，孤负殷勤杜宇。故国伤心，新亭泪眼，更洒潇潇雨。长江万里，难将此恨流去。  遥想江口依然，鸟啼花谢，今日谁为主。燕子归来，雕梁何处，底事呢喃语？最苦金沙，十万户尽，作血流漂杵。横空剑气，要当一洗残虏。
豪放,绿树听鸦鸠，更那堪、鹅鸠声住，杜鹃声切。啼到春归无寻处，苦恨芳菲都歇，算未抵人间离别。马上琵琶关塞黑，更长门、翠辇辞金阙。看燕燕，送归妾。将军百战身名裂，向河梁、回头万里，故人长绝。易水萧萧西风冷，满座衣冠似雪，正壮士、悲歌未彻。啼鸟还知如许恨，料不啼清泪长啼血。谁共我、醉明月？
婉约,空碛无边，万里阳关道路。马萧萧，人去去，陇云愁。香貂旧制戎衣窄，胡霜千里白。绮罗心，魂梦隔，上高楼。
豪放,羽箭雕弓，忆呼鹰古垒，截虎平川。吹笳暮归野帐，雪压青毡。淋漓醉墨，看龙蛇飞落蛮笺。人误许、诗情将略，一时才气超然。  何事又作南来，看重阳药市，元夕灯山？花时万人乐处，欹帽垂鞭。闻歌感旧，尚时时流涕尊前。君记取、封侯事在。功名不信由天。
婉约,宝钗楼上妆梳晚，懒上秋千。闲拨沉烟，金缕衣宽睡髻偏。鳞鸿不寄辽东信，又是经年。弹泪花前，愁入春风十四弦。
豪放,空碛无边，万里阳关道路。马萧萧，人去去，陇云愁。  香貂旧制戎衣窄，胡霜千里白。绮罗心，魂梦隔，上高楼。
豪放,天容水色西湖好，云物俱鲜。鸥鹭闲眠。应惯寻常听管弦。风清月白偏宜夜，一片琼田。谁羡骄鸾。人在舟中便是仙。
婉约,归响暝，隔断南枝径。不管垂杨珠泪迸，滴碎荷声千顷。随波赚杀鱼儿。浮萍乍满清池。谁信碧云深处，夕阳仍在天涯。
豪放,故将军饮罢夜归来，长亭解雕鞍。恨满陵醉尉，匆匆未识，桃李无言。射虎山横一骑，裂石响惊弦。落魄封侯事，岁晚田园。谁向桑麻杜曲，要短衣匹马，移住南山。看风流慷慨，谈笑过残年。汉开边，功名万里，甚当年健者也曾闲？纱窗外，斜风细雨，一阵轻寒。
婉约,渐新痕悬柳，淡彩穿花，依约破初暝。便有团圆意，深深拜，相逢谁在香径。画眉未稳，料素娥、犹带离恨。最堪爱、一曲银钩小，宝帘挂秋冷。千古盈亏休问。叹慢磨玉斧，难补金镜。太液池犹在，凄凉处、何人重赋清景。故山夜永，试待他窥户端正。看云外山河，还老尽、桂花影。
婉约,开时似雪。谢时似雪。花中奇绝。香非在蕊，香非在萼，骨中香彻。占溪风，留溪月。堪羞损、山桃如血。直饶更、疏疏淡淡，终有一般情别。
婉约,秋风吹到江村，正黄昏，寂寞梧桐夜雨不开门。一叶落，数声角，断羁魂，明日试看衣袂有啼痕。
婉约,月去疏帘才几尺。乌鹊惊飞，一片伤心白。万里故人关塞隔，南楼谁弄梅花笛？蟋蟀灯前欺病客。清影徘徊，欲睡何由得？墙角芭蕉风瑟瑟，生憎遮掩窗儿黑。
婉约,绿槐高柳咽新蝉，薰风初入弦。碧纱窗下水沉烟，棋声惊昼眠。微雨过，小荷翻。榴花开欲燃。玉盆纤手弄清泉，琼珠碎却圆。
豪放,轮奂半天上，胜概压南楼。筹边独坐，岂欲登览快双眸。浪说胸吞云梦，直把气吞残虏，西北望神州。百载一机会，人事恨悠悠。  骑黄鹤，赋鹦鹉，谩风流。岳王祠畔，杨柳烟锁古今愁。整顿乾坤手段，指授英雄方略，雅志若为酬。杯酒不在手，双鬓恐惊秋。
豪放,独依浙江楼，满耳怨笳哀笛。犹有梨园声在，念那人天北。海棠憔悴怯春寒，风雨怎禁得。回首华清池衅，渺露芜烟荻。
豪放,落日暝云合，客子意如何。定知今日，封六巽二弄干戈。四望际天空阔，一叶凌涛掀舞，壮志未消磨。为向吴儿道，听我扣舷歌。  我常欲，利剑戟，斩蛟鼍。胡尘未扫，指挥壮士挽天河。谁料半生忧患，成就如今老态，白发逐年多。对此貌无恐，心亦畏风波。
婉约,小雨纤纤风细细，万家杨柳青烟里，恋树湿花飞不起。愁无际，和春付与东流水。九十光能有几，金龟解尽留无计。寄语东阳沽酒市，拼一醉，而今乐事他年泪。
婉约,恨莺花渐老，芳草、绿汀洲。纵岫壁千寻，榆钱万叠，难买春留。梅花向来始别，又匆匆、结子满枝头。门外垂杨岸侧，画桥谁系兰舟。悠悠。岁月如流。叹水覆、杳难收。凭画阑，往往抬头举眼，都是春愁。东风晚来更恶，怕飞红、怕絮入书楼。双燕归来问我，怎生不上帘钩。
豪放,太液芙蓉，浑不似、旧时颜色。曾记得、春风雨露，玉楼金阙。名播兰馨妃后里，晕潮莲脸君王侧。忽一声、蕈鼓揭天来，繁华歇。龙虎散，风云灭。千古恨，凭谁说？对山河百二，泪盈襟血。驿馆夜惊尘土梦，宫车晓碾关山月。问姮娥、于我肯从容，同圆缺。
豪放,醉来长袖舞鸡鸣，短歌行，壮心惊。西北神州，依旧一新亭。三十六峰长剑在，星斗气，郁峥嵘。  古来豪侠数幽并，鬓星星，竟和成！他日封侯，编简为谁青？一掬钓鱼坛上泪，风浩浩，雨冥冥。
婉约,夜来疏雨鸣金井，一叶舞风红浅。莲渚生香，兰皋浮爽，凉思顿欺班。秋光冉冉。任老却芦花，西风不管。清兴难磨，几回有句到诗卷。长安故人别后，料征鸿声里，画阑凭遍。横竹吹商，疏砧点月，好梦又随云远。闲情似线，共系损柔肠，不堪裁剪。听着寒蛩，一声声是怨。
婉约,云暗天低。枫林凋翠，寒雁声悲。茅店儿前，竹篱笆后，初见横枝。盈盈粉面香肌。记月榭、当年见伊。有恨难传，无肠可断，立马多时。
婉约,杏花疏雨洒香堤，高楼帘幕垂。远山映水夕阳低，春愁压翠眉芳草句，碧云辞，低徊闲自思。流莺枝上不曾啼，知君肠断时。
豪放,满载一船秋色，平铺十里湖光。波神留我看斜阳，放起鳞鳞细浪。明日风回更好，今宵露宿何妨？水晶宫里奏霓裳，准拟岳阳楼上。
婉约,一夜相思，水边清浅横枝瘦。小窗如昼，情共香俱透。清入梦魂，千里人长久。君知否？雨倨云偏，格调还依旧。
婉约,候馆梅，溪桥柳细，草薰风暖摇征辔。离愁渐远渐无穷，迢迢不断如春水。寸寸柔肠，盈盈粉泪，楼高莫近危栏倚。平芜尽处是春山，行人更在春山外。
婉约,昨夜夜半，枕上分明梦见。语多时，依旧桃花面，频低柳叶眉。半羞还半喜，欲去又依依。觉来知是梦，不胜悲。
豪放,中原当日三川震，关辅回头煨烬。泪尽两河征镇，日望中兴运。秋风霜满青春鬓，老却新丰英俊。云外华山千仞，依旧无人问。
婉约,流水孤村，荒城古道。槎牙老木乌莺噪。夕阳倒影射疏林，江边一带芙蓉老。风暝寒烟，天低衰草，登楼望极群峰小。欲将归信问行人，青山尽处行人少。
婉约,粉墙低，梅花照眼，依然旧风味。露痕轻缀。疑净洗铅华，无限佳丽。去年胜赏曾孤倚，冰盘同燕喜。更可惜、雪中高树，香篝熏素被。今年对花最匆匆，相逢似有恨，依依愁悴。吟望久，青苔上、旋看飞坠。相将见、翠丸荐酒，人正在、空江烟浪里。梦想、一枝潇洒，黄昏斜照水。
婉约,一曲危弦断客肠，津桥捩柁转牙樯。江心云带蒲帆重，楼上风吹粉泪香。瑶草碧，柳芽黄。载将离恨过潇湘。请君看取东流水，方识人间别意长。
豪放,曩樊四载弄干戈，不见渔歌，不见樵歌试问如今事若何？金地消磨，谷也消磨。柘枝初不用舞婆娑，丑也能多，恶也能多。朱门日日买朱娥，军事如何？民事如何？
豪放,平生不会敛眉头，诸事等闲休。元来却到愁处，须著与他愁。  残照外，大江流，去悠悠。风悲兰杜，烟淡沧浪，何处扁舟？
豪放,万灶编狱，便直欲、扫清关洛。长淮路、夜亭警燧，晓营吹角。绿鬓将军思下马，黄头奴子惊闻鹤。想中原、父老已心知，今非昨。  狂貌剪，於菟缚；单于命，春冰薄。正人人自勇，翘关还槊。旗帜倚风飞电影，戈射月明霜错。且莫令、榆柳塞门秋，悲摇落。
婉约,宿醉离愁慢髻鬟，绿红豆忆前欢。锦江春水寄书难。红袖时笼金鸭暖，小楼吹彻玉笙寒。为谁和泪倚阑干？
婉约,春归何处？寂寞无行路。若有人知春去处，唤取归来同住。春无踪迹谁知？除非问取黄鹏。百喂无人能解，因风飞过蔷薇。
婉约,庭院深深人悄悄，埋怨鹦哥，错报韦郎到。压鬓钗梁金凤小，低头只是闲烦恼。花发江南年正少，红袖高楼，争抵还乡好？遮断行人西去道，轻躯愿化车前草。
婉约,乳燕飞华屋，悄无人，桐转午，晚凉新浴。手弄生绡白团，手一时似玉。渐困倚，孤眠清熟。帘外谁来推绣户，枉教人、梦断瑶台曲。又却是，风敲竹。石榴半吐红巾蹙，待浮花浪蕊都尽，伴君幽独。秾艳一枝细看取，芳心千重似束，又恐被秋风惊绿。若待得君来向此，花前对酒不忍触。共粉泪，两簌簌。
婉约,"波渺渺，柳依依。孤村芳草远，斜日杏花飞。江南春尽离肠断,・满汀洲人未归。"
婉约,春晚出山城，落日行江岸。人不共潮来，香亦临风散。花谢小妆，莺困清歌断。行雨梦魂消，飞絮心情乱。
婉约,顷枉维扬，杨师文参议家舞姬绝妙，赋此宫腰束素，只怕能轻举。好筑避风台护取，莫遣惊鸿飞去。一团香玉温柔，笑颦俱有风流。贪与萧郎眉语，不知舞错伊州
婉约,燕子不曾来，小院雨。一角阑干聚落花，此是春归处。弹泪别东风，把酒浇飞絮。化了浮萍也是愁，莫向天涯去。
豪放,平山阑槛倚晴空。山色有无中。手种堂前垂柳，别来几度春风。文章太守，挥毫万字，一饮千盅。行乐直须年少，樽前看取衰翁。
豪放,新来塞北，传到真消息：赤地居民无一粒，更五单于争立。  维师尚父鹰扬，熊罴百万堂堂。看取黄金假钺，归来异姓真王。
婉约,别来春半，触目柔肠断。砌下落梅如雪乱，拂了一身还满。雁来音信无凭，路遥归梦难成。离恨恰如春草，更行更远还生。
婉约,春光欲暮，寂寞闲庭户。粉蝶双双穿槛舞，帘卷晚天疏雨。含愁独倚闺帏，玉炉烟断香微。正是销魂时节，东风满树花飞。
婉约,幽姿不入少年场。无语只凄凉。一个飘零身世，十分冷淡心肠。江头月底，新诗旧梦，孤恨清香。任是春风不管，也曾先识东皇。
豪放,千峰云起，骤雨一霎儿价。更远树斜阳，风景怎生图画？青旗卖酒，山那畔、别有人家。只消山水光中，无事过这一夏。午醉醒时，松窗竹户，万千潇洒。野鸟飞来，又是一般闲暇。却怪白鸥，觑着人欲下未下。旧盟都在，新来莫是，别有说话？
婉约,江水沉沉帆影过，游鱼到晚透寒波。渡江双双飞白鸟，烟袅，芦花深处隐渔歌。扁舟短棹归兰浦，人去，萧萧竹径透青莎。深夜无风新雨歇，凉月，露迎珠颗入圆荷。
婉约,杨花黄金陌，茫茫十里春云白。春云白，迷离满眼，江南江北。来时无奈珠帘隔，去时着尽东风力。东风力。留他如梦，送他如客
豪放,华灯纵博，雕鞍驰射，谁记当年豪举。酒徒一半取封侯，独去作、江边渔父。  轻舟八尺，低篷三扇，占断苹洲烟雨。镜湖元自属闲人，又何必、官家赐与。
婉约,一抹斜阳沙箱，几点闲鸥草际，乌榜小渔舟，摇过半江秋水。风起，风起，棹入白・花里。
婉约,吴江叶元礼，少日过流虹桥，有女子在楼上，见而慕之，竟至病死。气方绝，适元礼复过其门，女之母以女临终之言告叶，叶入哭，女目始瞑。友人为作传，余记以词。桥影流虹，湖光映雪，翠帘不卷春深。一寸横波，断肠人在楼。游丝不系羊车住，倩何人传语青？最难禁，倚遍雕阑，梦遍罗衾。重来已是朝云散，怅明珠佩冷，紫玉烟沉。前度桃花，依然开满江浔。钟情怕到相思路，盼长堤草尽红心。动愁吟，碧落黄泉，两处难寻。
婉约,落花迤逦层少，青梅竞弄枝头小。红色雨和烟，行人江那边。好花都过了，满地空芳草。落日醉醒问，一春无此寒。
婉约,金风细细，叶叶梧桐坠。绿酒初尝人易醉，一枕小窗浓睡。紫薇朱槿花，斜阳却照阑干。双燕欲归时节，银屏昨夜微寒。
婉约,重过阊门万事非，同来何事不同归？梧桐半死清霜后，头白鸳鸯失伴飞。原上草，露初晞。旧栖新垅两依依。空床卧听南窗雨，谁复挑灯夜补衣？
婉约,兰烬落，屏上暗红蕉。闲梦江南梅熟日，夜船吹笛雨萧萧。人语驿边桥。
豪放,霄溪湾里钓鱼翁，舶鼎为家西复东。江上雪，浦边风，笑着荷衣不叹穷。
豪放,忆把金罇酒。叹别来、光阴荏苒，江湖宿留。世事不堪频着眼，赢得两眉长皱。但东望、故人翘首。木落山空天远大，送飞鸿、北去伤怀久。天下事，公知否？钱塘风月西湖柳。渡江来、百年机会，从前未有。唤起东山丘壑梦，莫惜风霜老手，要整顿、封疆如旧。早晚枢庭开幕府，是英雄、尽为公奔走。看金印，大如斗。
豪放,故都迷岸草，望长淮、依然绕孤城。想乌衣年少，芝兰秀发，戈戟云横。坐看骄兵南渡，沸浪骇奔鲸。转眄东流水，一顾功成。千载八公山下，尚断虞草木，遥拥峥峡。漫云涛吞吐，无处问豪英。信劳生、空成今古；笑我来、何事怆遗情？东山老，可堪岁晚，独听桓筝！
婉约,丁巳重阳前三日，梦亡妇淡妆素服，执手哽咽，语多不复能记。临别有云：衔恨愿为天上月，年年犹得向郎圆。妇素未工诗，不知何以得此也。觉后感赋长调。瞬息浮生，薄命如斯，低徊怎忘？记绣榻闲时，并吹红雨，雕阑曲处，同倚斜阳。梦好难留，诗莫续，赢得更深哭一场。遗容在，灵飙一转，未许端详。重寻碧落茫茫，料短发，朝来定有霜。便人间天上，尘缘未断，春花秋月，触绪还伤。欲结绸缪，翻惊摇落，两处鸳鸯各自凉！真无奈，把声声檐雨，谱出回肠。
婉约,满院落花春寂，风紧一帘斜日，翠钿晓寒轻，独倚秋千无力。无力，无力，蹙破远山愁碧。
豪放,志在烟霞慕隐沦，功成归看五湖春。一叶舟中吟复醉，云水。此时方识自由身。  花岛为邻鸥作侣，深处。经年不见市朝人。已得希夷微妙旨，潜喜。荷衣蕙带绝纤尘。
豪放,萧瑟风云，埋没尽、英雄本色。最发指，驼酥羊酪，故宫旧阙。青山未筑祁连冢，沧海犹衔精卫石。又谁知、铁马也郎当  ，雕弓折。  谁讨贼？颜卿檄。谁抗虏？苏卿节。拚三台坠紫，九京藏碧。燕语呢喃新旧雨，雁声嘹呖兴亡月。怕他年、西台恸哭人，泪成血。
豪放,落日绣帘卷，亭下水连空。知君为我新作，窗户湿青红。长记平山堂上，欹枕江南烟雨，渺渺没孤鸿。认得醉翁语，山色有无中。一千顷、都镜净，倒碧峰。忽然浪起，掀舞一叶白头翁。堪笑兰台公子，未解庄生天籁，刚道有雌雄。一点浩然气，千里快哉风。
婉约,东风吹柳日初长，雨余芳草斜阳。杏花零落燕泥香，睡损红妆宝篆烟销龙凤，画屏云锁潇湘。夜寒微透薄罗裳，无限思量。
婉约,无言独上西楼，月如钩，寂寞梧桐深院锁清秋0剪不断，理还乱，是离愁。别是一般滋味在心头。
豪放,瑶草一何碧，春入武陵溪。溪上桃花无数，花上有黄鹏，我欲穿花寻路，直入白云深处，浩气展虹霓。只恐花深里，红露湿人衣。坐玉石，欹玉枕，拂金徽。谪仙何处，天人伴我白螺杯。我为灵芝仙草，不为朱唇丹脸，长啸亦何为！醉舞下山去，明月逐人归。
豪放,天接云涛连晓雾，星河欲转千帆舞。仿佛梦魂归帝所。闻天语，殷勤问我归何处。  我报路长嗟日暮，学诗谩有惊人句。九万里风鹏正举。风休住，蓬舟吹取三山去。
婉约,盘丝系腕，巧篆垂簪，玉隐绀纱睡觉。银瓶露井，彩箓云窗，往事少年依约。为当时曾写榴裙，伤心红绡褪萼。黍梦光，渐老汀洲烟蒻。莫唱江南古调，怨抑难招，楚江沉魄。薰风燕乳，暗雨梅黄，午镜澡兰帘幕。念秦楼也拟人归，应剪菖蒲自酌。怅望、一缕新蟾，随人天角。
婉约,数征鸿过尽，暮云无极。怪断肠、芳草萋萋，却绿到天涯，酿成春色。尽有轻，未应恨、浮云西北。祗鸾钗密约，凤履旧尘，梦回凄忆。年华逝波渐掷。叹蓬山路阻，乌盼头白。近夕阳、处处啼鹃，更刬地乱红，暗帘愁碧。怨叶相思，待题付、西流潮汐。怕春波、载愁不去，恁生见得？
豪放,秋色渐将晚，霜信报黄花。小窗低户深映，微
婉约,烟霏霏，雨霏霏，雪向梅花枝上堆。春从何处回。醉眼开，睡眼开，疏影横斜安在哉。从教塞管催。
婉约,昨晚西窗风料峭，又把黄梅瘦了。人被花香恼。起看天共青山老。鹤叫空庭霜月小，夜来冻云如晓。谁信多情道。相思渐觉诗狂少。
婉约,红妆春骑，踏月影竿旗穿市。望不尽、楼台歌舞，习习香尘莲步底。萧声断、约彩鸾归去，未怕金吾呵醉。甚辇路、喧阗且止，听得念奴歌起。父老犹记宣和事，抱铜仙、清泪如水。还转盼、沙河多丽。滉漾明光连邸第，帘影冻、散红光成绮。月浸葡萄+里，看往来、神仙才子，肯把菱花扑碎。肠断竹马儿童，空见说、三千乐指。等多时春不归来，到春时欲睡。又说向灯前拥髻，暗滴鲛珠坠。便当日亲见霓裳，天上人间梦里。
婉约,落日斜，秋风冷。今夜故人来不来？教人立尽梧桐影。
婉约,千万恨，恨极在天涯。山月不知心里事，水风空落眼前花，摇曳碧云斜。
豪放,东南形胜，三吴都会，钱塘自古繁华，烟柳画桥，风帘翠幕，参差十万人家。云树绕堤沙，怒涛卷霜雪，天堑无涯。市列珠玑，户盈罗绮，竞豪奢。  重湖叠噂清嘉。有三秋桂子，十里荷花。羌管弄晴，菱歌泛夜，嬉嬉钓叟莲娃。千骑拥高牙。乘醉听箫鼓，吟赏烟霞。异日图将好景，归去凤池夸。
豪放,约略应飞白玉槃，明楼渐放满轮寒。天垂万丈清光外，人在三秋爽气间。闻叶吹，想风鬟，浮空仿佛女乘鸾。此时不合人间有，尽入嵩山静夜看。
婉约,柳丝长，春雨细，花外漏声迢递。惊塞雁，起城乌，画屏金鹧鸪。香雾薄，透重幕，惆怅谢家池阁。红烛背，绣帘垂，梦君君不知。
豪放,锦样江山，何人坏了，雨瘴烟峦。故苑莺花，旧家燕子，一例阑珊。  此身付与天顽。休更问、秦关汉关。白发镜中，青萍匣里，和泪相看。
婉约,垂杨影里红。甚匆匆。只有榴花全不怨东风。暮雨急，晓霞湿，绿玲珑。比似茜裙初染一般同。
豪放,八月奔涛，千尺崔嵬，砉然欲惊。似灵妃顾笑，神鱼进舞；冯夷击鼓，白马来迎。伍相隗夷，钱王羽箭，怒气强于十万兵。峥蝶甚，讶雪山中断，银汉西倾。孤舟铁笛风清，待万里乘槎问客星。叹鲸觐未剪，戈船满岸；蟾蜂正吐，歌管倾城。狎浪儿童，横江士女，笑指渔翁一叶轻。谁知道，是观潮枚叟，论水庄生。
婉约,短长亭子短长桥，桥外垂杨一万条。那回临别两魂销，恨迢迢，双桨春风打暮潮。
豪放,"照野弥弥浅浪,横空暖暖微霄。障泥未解玉骢骄,我欲醉眠芳草。可惜一溪明月,莫教踏破琼瑶。解鞍欹枕绿杨桥,杜宇一声春晓。"
豪放,横烟浪。老去情怀，犹作天涯想。空惆怅！少年豪放，莫学衰翁样。
婉约,隋堤远，波急路尘轻。今古柳桥多送别，见人分袂亦愁生。何况自关情。斜照后，新月上西城。城上楼高重倚望，愿身能似月亭亭，千里伴君行。
豪放,洛阳愁绝，杨柳花飘雪。终日行人恣攀折，桥下水流呜咽。  上马争劝离觞，南浦莺声断肠。愁杀平原年少，回首挥泪千行。
婉约,草绿裙腰山染黛，闲恨闲愁侬不解。莫愁艇子渡江时，九鸾钗，双凤带，杯酒劝郎情似海。
豪放,断虹霁雨，净秋空，山染修眉新绿。桂影扶疏，谁便道，今夕清辉不足？万里青天，姮娥何
豪放,"深院榴花吐。画帘开、""衣纨扇，午风清暑。儿女纷纷夸结束，新样钗符艾虎。早已有、游人观渡。老大逢场慵作戏，任陌头、年少争旗鼓，溪雨急、浪花舞。  灵均标致高如许。忆生平、既纫兰佩，更怀椒醋。谁信骚魂千载后，波底垂涎角黍，又说是、蛟馋龙怒。把似而今醒到了，料当年、醉死差无苦。聊一笑、吊千古。"
豪放,少年侠气，交结五都雄。肝胆洞，毛发耸。立谈中，死生同。一诺千金重。推翘勇，矜豪纵。轻盖拥，联飞臀，斗城东。轰饮酒垆，春色浮寒瓮，吸海垂虹。闲呼鹰嗾犬，白羽摘雕弓，狡穴俄空。乐匆匆。  似黄梁梦，辞丹凤；明月共，漾孤蓬。官冗从，怀倥偬；落尘笼，簿书丛。鹖弁如云众，供粗用，忽奇功。笳鼓动，渔阳弄。思悲翁，不请长缨，系取天骄种，剑吼西风。恨登山临水，手寄七弦桐，目送归鸿。
婉约,春花秋月何时了，往事知多少！小楼昨夜又东风，故国不堪回首月明中。雕栏玉砌应犹在，只是朱颜改。问君能有几多愁？恰似一江春水向东流。
婉约,一叶落，褰珠箔，此时景物正萧索。画楼月影寒，西风吹罗幕，往事思量着。
豪放,圣朝能用将，破敌速如神。掉剑龙缠臂，开旗火满身。积尸川没岸，流血野无尘。今日当场舞，应知是战人。
豪放,试问琵琶，胡沙外怎生风色。最苦是，姚黄一朵，移根仙阙。王母欢阑琼宴罢，仙人泪满金盘侧。听行宫，半夜雨淋铃，声声歇。彩云散，香尘灭。铜驼恨，那堪说！想男儿慷慨，嚼穿龈血。回首昭阳辞落日，伤心铜雀迎秋月。算妾身，不愿似天家，金瓯缺。
豪放,危楼还望，叹此意、今古几人曾会？鬼设神施浑认作、天限南疆北界。一水横陈，连岗三面，做出争雄势。六朝何事，只成门户私计？因笑王谢诸人，登高怀远，也学英雄涕。凭却江山，管不到、河洛腥膻无际。正好长驱，不须反顾，寻取中流誓。小儿破贼，势成宁向强对。
婉约,燎沉香，消溽暑。鸟雀呼晴，侵晓窥檐语。叶上初阳干宿雨，水面清圆，—风荷举。故乡遥，何日去？家住吴门，久作长安旅。五月渔郎相忆否？小楫轻舟，梦入芙蓉浦。
婉约,离多最是，东西流水，终解两相逢。浅情终似，行云无定，犹到梦魂中。可怜人意，薄于云水，佳会更难重。细想从来，断肠多处，不与今番同。
婉约,少年听雨歌楼上，红烛昏罗帐。壮年听雨客舟中，江阔云低，断雁叫西风。而今听雨僧庐下，鬓已星星也。悲欢离合总无情，一任阶前，点滴到天明。
婉约,春去也，多谢洛城人。弱柳从风疑举袂，丛兰润露似霆巾。独坐亦含颦。
豪放,潮生潮落何时了？断送行人老。消沉万古意无穷，尽在长空澹澹鸟飞中。海门几点青山小，望极烟波渺。何当驾我以长风？便欲乘椁浮到
婉约,"辛苦最怜天上月，一昔如环，昔昔长如玦。若似月轮终皎洁,不辞冰雪为卿热。无那尘缘容易绝，燕子依然、软踏帘钩说。唱罢秋坟愁未歇，春丛认取双栖蝶。"
豪放,有情风万里卷潮来，无情送潮归。问钱塘江上，西兴浦口，几度斜晖？不用思量今古，俯仰昔人非。谁似东坡老，白首忘机。记取西湖西畔，正春山好处，空翠烟霏。算诗人相得，如我与君稀。约他年、东还海道，愿谢公雅志莫相违。西州路，不应回首，为我沾衣。
婉约,薄雾浓云愁永昼。瑞脑消金兽。佳节又重阳，玉枕纱厨，半夜凉初透。东篱把酒黄昏后。有暗香盈袖。莫道不消魂，帘卷西风，人比黄花瘦。
婉约,谢了荼蘼春事休。无多花片子，缀枝头。庭槐影碎被风揉，莺虽老，声尚带娇羞。独自倚妆楼。一川烟草浪，衬云福。不如归去下帘钩。心儿小，难着许多愁。
豪放,天下事，问天怎忍如此！陵图谁把献君王，结愁未已。少豪气概总成尘，空余白骨黄苇。千古恨，吾老矣。东游曾吊淮水。绣春台上一回登，一回揭泪。醉归抚剑倚西风，江涛犹壮人意。只今袖手野色里，望长淮，犹二千里。纵有英心谁寄！近新来、又报胡尘起。绝域张骞归来未？
婉约,正单衣试酒，恨客里、光虚掷。愿春暂留，春归如过翼。一去无迹。为问花何在，夜来风雨，葬楚宫倾国。钗钿堕处遗香泽。乱点桃蹊，轻翻柳陌。多情为谁追惜。蜂媒蝶使，时叩窗槁。东园岑寂。渐蒙笼暗碧。静绕珍丛底，成叹息。长条故惹行客。似牵衣待话，别情无极。英小、强簪巾帻。终不似一朵，钗头颤袅，向人欹侧。漂流处、莫趁潮汐。恐断红、尚有相思字，何由见得。
婉约,软翠冠儿簇海棠，砑罗衫子绣丁香。闭来水上踏青阳。风暖有人能作伴，日长无事可思量。水流花落任匆忙。
婉约,茅舍疏篱，半飘雪。斜卧低枝，可更相宜？烟笼修竹，月在寒溪。宁宁伫立移时，判瘦损无妨为伊，谁赋才情，画成幽思，写入新诗。
婉约,玉楼深锁多情种，清夜悠悠谁共？羞见枕衾鸳凤，闷则和衣拥。无端画角严城动，惊破一番新梦。窗外月华霜重，听彻梅花弄。
豪放,问讯山东窦长卿，苍苍云外且垂纶。流水落花都莫问，等取，榆林沙月静边尘。  江面不如杯面阔，卷起，五湖烟浪入清尊，醉倒投床君且睡。却怕，挑灯看剑忽伤神。
豪放,江汉西来，高楼下、葡萄深碧。犹自带，岷峨雪浪，锦江春色。君是南山遗爱守，我为剑外思归客。对此间、风物岂无情，殷勤说。  《江表传》，君休读；狂处士，真堪惜。空洲对鹦鹉，苇花萧瑟。不独笑书生争底事，曹公黄祖俱飘忽。愿使君、还赋谪仙诗，追黄鹤。
豪放,钓笠披云青嶂绕，概头细雨春江渺。白鸟飞来风满棹，收纶了，渔童拍手樵青笑。明月太虚同一照，浮家泛宅忘昏晓。醉眼冷看城市闹。烟波老，谁能惹得闲烦恼。
婉约,吴山青，越山青，两岸青山相对迎，谁知离别情？君泪盈，妾泪盈，罗带同心结未成，江边潮已平。
豪放,金锁重门荒苑静，绮窗愁对秋空。翠华一去寂无踪。玉楼歌吹，声断已随风。  烟月不知人事改，夜阑还照深宫。藕花相向野墉中。暗伤亡国，清露泣香红。
豪放,长江千里，烟淡水云阔。歌沉玉树，古寺空有疏钟发。六代兴亡如梦，苒苒惊时月。兵戈凌灭，豪华销尽，几见银蟾自圆缺。潮落潮生波渺，江树森如发。谁念迁客归来，老大伤名节。纵使岁寒途远，此志应难夺。高楼谁没，倚栏凝望，独立渔翁满江雪。
婉约,绿杨芳草长亭路，年少抛人容易去。楼头梦五更钟，花底离愁三月雨。无情不似多情苦，一寸还成千万缕。天涯地角有穷时，只有相思无尽处。
婉约,牡丹含露真珠颗，美人折向庭前过，含笑问檀郎，花强妾貌强？檀郎故相恼，须道花枝好。一面发娇嗔，碎接花打人。
婉约,断蝉高柳斜阳处。池阁丝丝雨。绿檀珍簟卷猩红，屈曲杏花蝴蝶小屏风。春山叠叠秋波慢。收拾针线。又成娇困倚檀郎。无事更抛莲子打鸳鸯。
婉约,过春社了，度帘幕中间，去年尘冷。差池欲住，试入旧巢相并。还相雕梁藻井，又软语商量不定。飘然快拂花梢，翠尾分开红影。芳径，芹泥雨润。爱贴地争飞，竞夸轻俊。红楼归晚，看足柳昏花暝。应自栖香正稳。便忘了、天涯芳信。愁损翠黛双蛾，日日画栏独凭。
婉约,翠葆参差竹径成，新荷跳雨碎珠倾。曲阑斜转小池亭。风约帘衣归燕急，水摇影戏鱼惊。柳梢日弄微晴。
豪放,雄跨洞庭野，楚望古湘州。何王台殿？危基百尺自西刘。尚想霓旌千骑，依约入云歌吹，屈指几经秋。叹息繁华地，兴废两悠悠。  登临处，乔木老，大江流。书生报国无地，空白九分头。一夜寒生关塞，万里云埋陵阙，耿耿恨难休。徙倚霜风里，落日伴人愁。
豪放,千古江山，英雄无觅，孙仲谋处。舞榭歌台，风流总被，雨打风吹去。斜阳草树，寻常巷陌，人道寄奴曾住。想当年，金戈铁马，气吞万里如虎。  元嘉草草，封狼居胥，赢得仓皇北顾。四十三年，望中犹记，烽火扬州路。可堪回首，佛狸祠下，一片神鸦社鼓。凭谁问，廉颇老矣，尚能饭否？
婉约,"丁未五月归国,旋堡东渡，却寄沪上诸子瀚海飘流燕。乍归来、依依难认，旧家庭院。惟有年时芳俦在，一例差池双剪。相对向、斜阳凄怨。欲诉奇愁无可诉，算兴亡、已惯司空见。忍抛得，泪如线。故巢似与人留恋。最多情、欲黏还坠，落泥片片。我自殷勤衔来补，珍重断红犹软。又生恐、重帘不卷。十二曲阑春寂寂，隔蓬山、何处窥人面？休更问，恨深浅。"
婉约,晚日金陵岸草平，落霞明，水无情。六代繁华，暗逐逝波声。空有姑苏台上月，如西子镜，照江城。
婉约,春日宴，绿酒一杯歌一遍。再拜陈三愿。一愿郎君千岁，二愿妾身长健，三愿如同梁上燕，岁岁长相见。
婉约,春浅，红怨，掩双环。微雨花间，昼闲。无言暗将红泪弹。阑珊，香销轻梦还。斜倚画屏思往事，旨不是，空作相思字。记当时垂柳丝，花枝，满庭蝴蝶儿。
婉约,南园春半踏青时，风和闻马嘶。青梅如豆柳如眉，日长蝴蝶飞花露重，草烟低，人家帘幕垂。秋千慵困解罗衣，画梁双燕栖。
豪放,洗尘寰。万象入横溃，依旧一峰闲。仰危巢，双鹄过，杳难攀。人间此险何用？万古秘神奸。不用燃犀下照，未必饮飞强射，有力障狂澜。唤取骑鲸客，挝鼓过银山。
婉约,落日熔金，暮云合璧，人在何处？染柳烟浓，吹梅笛怨，春意知几许？元宵佳节，融和天气，次第岂无风雨？来相召、香车宝马，谢他酒朋诗侣。中州盛日，闺门多暇，记得偏重三五。铺翠冠儿，捻金雪柳，簇带争济楚。如今憔悴，风鬟霜鬓，怕见夜间出去。不如向、帘儿底下，听人笑语。
豪放,绕床饥鼠，蝙蝠翻灯舞。屋上松风听急雨，破纸窗间自语。  平生塞北江南，归来华发苍颜。布被秋宵梦觉，眼前万里江山。
豪放,惨结秋阴，西风送、霏霏雨湿。凄望眼、征鸿
豪放,祖国沉沦感不禁，闲来海外觅知音。金瓯已缺总须补，为国牺牲敢惜身！  嗟险阻，叹飘零。关山万里作雄行。休言女子非英物，夜夜龙泉壁上鸣。
婉约,曾看洛阳旧谱，只许姚黄独步。若比广陵花，太亏他。旧日王侯园圃，今日荆榛狐兔。君莫说中州，怕花愁。
豪放,亭皋木叶下，原隰菊花黄。凭高满眼秋意，时节近重阳。追想彭门往岁，千骑云屯平野，高宴古球场。吊古论兴废，看剑引杯长。感流年，思往事，重凄凉。当时坐间英俊、强半已凋亡。慨念平生豪放，自笑如今霜鬓，漂泊水云乡。已矣功名志，此意付清觞。
婉约,衰柳白门湾，潮打城还。小长干接大长干。歌板酒旗零落尽，剩有渔竿。秋草六朝寒，花雨空坛。更无人处一凭阑。燕子斜阳来又去，如此江山。
豪放,江南江北雪漫漫，遥知易水寒。同云深处望三关，断肠山又山。天可老，海能翻，消除此恨难！频闻遣使问平安，几时鸾辂还？
豪放,买陂塘、旋栽杨柳，依稀淮岸湘浦。东皋嘉雨新痕涨，沙觜鹭来鸥聚。堪爱处，最好是，一川夜月光流渚。无人独舞。任翠幄张天，柔茵藉地，酒尽未能去。  青绫被，莫忆金闺故步。儒冠曾把身误。弓刀千骑成何事？荒了邵平瓜圃。君试觑，满青镜、星星鬓影今如许！功名浪语。便似得班超，封侯万里，归计恐迟暮。
婉约,为甚夜来添病，强临宝镜，憔悴娇慵。一任钗横鬓乱，永日熏风。恼脂消榴红径里，羞玉减蝶粉丛中。思悠悠，垂帘独坐，传遍熏笼。朦胧。玉人不见，罗裁囊寄，锦写封。约在春归，来依旧各西东。粉墙花影来疑是，罗帐雨梦断成空。最难忘，屏边瞥见，野外相逢。
婉约,腊八日与洪仲简溪行，其夜雪作。野店冬。绿酒春浓。念如今、此意谁同？溪光不尽，山翠无穷。有几枝梅，几竿竹，几株松。蓝舆乘兴，薄暮疏钟。望孤村、斜日匆匆。夜窗雪阵，晓枕云峰。便拥渔蓑，顶渔笠，作渔翁。
婉约,故人送我出阳关，无计锁雕鞍。今古别离难。兀谁画娥眉远山。一尊别酒，一声杜宇，寂寞又春。明月小楼间，第一夜相思泪弹。
豪放,三月七日，沙湖道中遇雨。雨具先去，同行皆狼狈，余独不觉。已而遂晴，故作此词。莫听穿林打叶声，何妨吟啸且徐行，竹杖芒鞋轻胜马，谁怕？一蓑烟雨任平生。料峭春风吹酒醒，微冷。山头斜照却相迎。回首向来萧瑟处，归去，也无风雨也无晴。
豪放,家住苍烟落照间，丝毫尘事不相关。斟残玉潍行穿竹，卷罢《黄庭》卧看山。贪啸傲，任衰残，不妨随处一开颜。元知造物心肠别，老却英雄似等闲。
婉约,清润风光雨后天，蔷薇花谢绿窗前，碧琉璃瓦欲生烟。十里闲情凭蝶梦，一春幽怨付鲲弦。小楼今夜月重圆。
婉约,淳熙己亥，自湖北漕移湖南，同官王正之置酒小山亭，为赋。更能消，几番风雨，匆匆春又归去。惜春长怕花开早，何况落红无数。春且住。见说道、天涯芳草迷归路。怨春不语。算只有殷勤、画檐蛛网，尽日惹飞絮。长门事，准拟佳期又误。蛾眉曾有人妒。千金纵买相如赋，脉脉此情谁诉。君莫舞。君不见，玉环飞燕皆尘土。闲愁最苦。休去倚危楼，斜阳正在，烟柳断肠处。
豪放,为问杜鹃，抵死催归，汝胡不归？似辽东白鹤，尚寻华表；海中玄鸟，犹记乌衣。吴蜀非遥，羽毛自好，合趁东风飞向西。何为者，却身羁荒树，血洒芳枝。兴亡常事休悲，算人世荣华都几时。看锦江好在，卧龙已矣；玉山无恙，跃马何之。不解自宽，徒然相劝，我辈行藏君岂知？闽山路，待封侯事了，归去非迟。
豪放,八月涛声吼地来，头高数丈触山回。须臾却入海门去，卷起沙堆似雪堆。
婉约,瓜洲渡口，恰恰城如斗。乱絮飞钱迎马首，也学玉关榆柳面前直控金山，极知形胜东南。更愿诸公着意，休教忘了中原。
豪放,金陵城上西楼，倚清秋。万里夕阳垂地、大江流。中原乱，簪缨散，几时收？试倩悲风吹泪、过扬州。
豪放,晚日金陵岸草平，落霞明，水无情。  六代繁华，暗逐逝波声。  空有姑苏台上月，如西子镜照江城。
婉约,雕梁画栋原无数，不问主人随意住。红襟惹尽百花香，翠尾扫开三月雨。半年别我归何处？相见如将离恨诉。海棠枝上立多时，飞向小桥西畔去。
豪放,千霜万雪。受尽寒磨折。赖是生来瘦硬，浑不怕、角吹彻。清绝。影也别。知心惟有月。原没春风情性，如何共、海棠说。
婉约,常记溪亭日暮，沉醉不知归路。兴尽晚回舟，误入藕花深处。争渡，争渡，惊起一滩鸥鹭。
婉约,薄衾小枕凉天气，乍觉别离滋味。展转数寒更，起了还重睡。毕竟不成眠，一夜长如岁。也拟待、却回征辔；又争奈、已成行计。万种思量，多方开解，只恁寂寞厌厌地。系我一生心，负你千行泪。
婉约,北行见杏花裁剪冰绡，轻叠数重，淡着胭脂匀注。新样靓妆，艳溢香融，羞杀蕊珠宫女。易得凋零，更多少无情风雨！愁苦，问院落凄凉，几番春暮？凭寄离恨重重，这双燕，何曾会人言语！天遥地远，万水千山，知他故宫何处。怎不思量，除梦里有时曾去。无据，和梦也新来不做。
豪放,夜色明河静，好风来千里。水殿谪仙人，皓齿清歌起。  前声金斝中，后声银河底。一夜岭头云，绕遍楼前水。
豪放,绿山仙子，高情云渺，不学痴牛骏女。风箫声断月明中，举手谢、时人欲去。客槎曾犯，银河微浪，尚带天风海雨。相逢一醉是前缘，风雨散、飘然何处。
婉约,西风乱叶溪桥树，秋在黄花羞涩处。满袖尘埃推不去；马蹄霜浓，鸡声淡月，寂寂荒村路。身名都被儒冠误，十载重来慢如许。且尽清樽公莫舞；六朝旧事，一江流水，万感天涯暮。
婉约,紫黯红愁无绪，日暮春归甚处？春更不回头，撇下一天浓絮。春住！春住！腕了人家庭宇。
婉约,浮云集，轻雷隐隐初惊蛰。初惊蛰，鹑鸠鸣怒，绿杨风急。玉炉烟重香罗润，拂墙浓杏燕支湿。燕支湿，花梢缺处，画楼人立。
豪放,塞马南来，五陵草树无颜色。云气黯，鼓蕈声震，天穿地裂。百二河山俱失险，将军束手无筹策。渐烟尘、飞度九重城，蒙金阙。长戈袅，飞鸟绝。原厌肉，川流血。叹人生此际，动成长别。回首玉津春色早，雕栏犹挂当时月，更西来、流水绕城根，空呜咽。
豪放,缥缈危亭，笑谈独在千峰上。与谁同赏，万里横烟浪。  老去情怀，犹作天涯想。空惆怅。少年豪放，莫学衰翁样。
豪放,自幼曾攻经史，长成亦有权谋。恰如猛虎卧荒丘，潜伏爪牙忍受。不幸刺文双颊，那堪配在江
婉约,午梦扁舟花底，香满西湖烟水。急雨打篷声，梦初惊。却是池荷跳雨，散了真珠还聚。聚作水银窝，泻清波。
婉约,买得杏花，十载归来方始坼。假山西畔药阑东，满枝红。旋开旋落旋成空。白发多情人更惜。黄昏把酒祝东风，且从容。
婉约,庭下石榴花乱吐，满地绿亭午。午睡觉来时自语，悠扬魂梦，黯然情绪，蝴蝶过墙去。骎骎娇眼开仍殖，悄无人至还凝伫。团不摇风自举，盈盈翠竹，纤纤白芒。不受些儿暑。
豪放,"缚虎手，悬河口，车如鸡栖马如狗。白纶巾，扑黄尘，不知我辈可是蓬蒿人？衰兰送客咸阳道，天若有情天亦老。作雷颠，不论钱，谁问旗亭美酒斗十千？  酌大斗，更为寿，青鬓长青古无有。笑嫣然，舞翩然，当垆秦女十五语如弦。遗音能记秋风曲，事去千年犹恨促。揽流光，系扶桑,争奈愁来一日却为长。"
豪放,朝云横度，辘辘车声如水去。白草黄沙，月照孤村三两家。  飞鸿过也，万结愁肠无昼夜。渐近燕山，回首乡关归路难。
豪放,丁未九月南渡，泊舟仪真江口作。(序)  惨结秋阴，西风送、霏霏雨湿。凄望眼、征鸿几字，暮投沙碛。试问乡关何处是，水云浩荡迷南北。但一抹、寒青有无中，遥山色。  天涯路，江上客。肠欲断，头应白。空搔首兴叹，暮年离拆。须信道消忧除是酒，奈酒行有尽情无极。便挽取、长江入尊罍，浇胸臆。
婉约,楚江空晚。怅离群万里，悦然惊散。自顾影、欲下寒塘，正沙净草枯，水平天远。写不成书，只寄得、相思一点。料因循误了，毡拥雪，故人心眼。谁怜旅程荏苒。漫长门夜悄，锦筝弹怨。想伴侣、犹宿芦花，也曾念春前，去程应转。暮雨相呼，怕蓦地、玉关重见。未羞他、双燕归来，画帘半卷。
豪放,老大那堪说。似而今、元龙臭味，孟公瓜葛。我病君来高歌饮，惊散楼头飞雪。笑富贵千钧如发。硬语盘空谁来听？记当时、只有西窗月。重进酒，换鸣瑟。  事无两样人心别。问渠侬:神州毕竟，几番离合？汗血盐车无人顾，千里空收骏骨。正目断关河路绝。我最怜君中宵舞，道“男儿到死心如铁”。看试手，补天裂。
婉约,接叶巢莺，平波卷絮，断桥斜日归船。能几番游，看风又是明年。东风且伴蔷薇住，到蔷薇、春已堪怜。更凄然、万绿西泠，一抹荒烟。当年燕子知何处，苔深韦曲，草暗斜川。见说新愁，如今也到鸥边。无心再续笙歌楚，掩重门、浅醉闲眠。莫开帘。怕见飞花，怕听啼鹃。
婉约,舞裙香暖金泥凤，画梁语燕惊梦。门外柳花飞，玉郎犹未归愁匀红粉泪，眉剪春山翠。何处是辽阳？锦屏春昼长。
豪放,堂上谋臣尊俎，边头将士干戈。天时地利与人和，燕可伐欤曰可。今日楼台鼎鼐，明年带砺山河。大家齐唱大风歌，不日四方来贺。
豪放,百迭青山江一缕，十里人家，路绕南台去。榕叶满川飞白鹭，疏帘半卷黄昏雨。楼阁峥峡天尺五，荷芙风清，习习消祥暑。老子人间无著处，一尊来作横山主。
豪放,青锦缠条佩剑，紫丝络辔飞骡。入关意气喜生风，年少胸吞云梦。金阙日高露波，东华尘软香红。争看荀氏第三龙，春暖桃花浪涌。
豪放,千里莺啼绿映红，水村山郭酒旗风。  南朝四百八十寺，多少楼台烟雨中。
豪放,醉。回首洛阳花石尽，烟渺忝离之地。更不复、新亭堕泪。簇乐红妆摇画舫，问中流、击楫何人是？千古恨、几时洗？余生自负澄清志。更有谁、磕溪未遇，傅岩未起。国事如今谁依仗，衣带一江而已！便都道、江神堪恃。借问孤山林处士，但掉头、笑指梅花蕊。天下事，可知矣！
婉约,香冷金猊，梦回鸳帐余香嫩；更无人问，一枕江南恨！消瘦休文，顿觉春衫衬。清明近，杏花吹尽。薄暮东风紧。
豪放,高咏楚词酬午日，天涯节序匆匆。榴花不似舞裙红。无人知此意，歌罢洒帘风。  万事一身伤老矣，戎葵凝笑墙东。酒杯深浅去年同。试浇桥下水，今夕到湘中。
豪放,塞草烟光阔，渭水波声咽。春朝雨霁，轻尘敛，征鞍发。指青青杨柳，又是轻攀折。动黯然，知有后会，甚时节？  更尽一杯酒，歌一阕。叹人生里，难欢聚，易离别。且莫辞沉醉，听取阳关彻。念故人千里，自此共明月。
豪放,放船千里凌波云，略为吴山留顾。云屯水府，涛随神女，九江东注。北客翩然，壮心偏感，年华将暮。念伊嵩旧隐，巢由故友，南柯梦，遽如许。回首妖氛未扫，问人间、英雄何处？奇谋报国，可怜无用。尘昏白羽。铁锁横江，锦帆冲浪，孙郎良苦。但愁敲桂棹，悲吟梁父，泪流如雨。
豪放,百五佳期过也未？但笳吹，催千骑。看珠懈盈盈分两地。君住也，缘何意？侬去也，缘何意？召缓征和医并至。眼下病，肩头事。怕愁重加春担不起。侬去也，心应碎！君住也心应碎！
婉约,谁念西风独自凉，萧萧黄叶闭疏窗，沉思往事立阳。被酒莫惊春睡重，赌书消得泼茶香，当时只道是寻常。
豪放,梦绕松江属玉飞，秋风苑美更铲肥。不因入海求诗句，万里投荒亦岂宜？青箸笠，绿荷衣，斜风细雨也须归。崖州险似风波海，海里风浪有定时。
婉约,春夜阑，春恨切，花外子规啼月。人不见，梦难凭，红纱一点灯。偏怨别，是芳节，庭下丁香千结。宵雾散，晓霞晖，梁间双燕飞。
婉约,帘幕疏疏风透，一线香飘金兽。朱栏倚遍黄昏后，廊上月华如昼。别离滋味浓于酒，著人瘦。此情不及墙东柳，春色年年如归。
豪放,卷却诗书上钓船，身披蓑笠执鱼竿。棹向碧波深处去，几重滩。不是从前为钓者，盖缘时世掩良贤。所以将身岩薮下，不朝天。
豪放,细数十年事，十处过中秋。今年新梦，忽到黄鹤旧山头。老子个中不浅，此会天教重见，今古一南楼。星汉淡无色，玉镜独空浮。  敛秦烟，收楚雾，熨江流。关河离合，南北依旧照清愁。想见姮娥冷眼，应笑归来霜鬓，空敝黑貂裘。酾酒问蟾兔，肯去伴沧洲
豪放,曳杖危楼去。斗垂天、沧波万顷，月流烟渚。扫尽浮云风不定，未放扁舟夜渡。宿雁落、寒芦深处。怅望关河空吊影，正人间、鼻息鸣鼍鼓。谁伴我，醉中舞？  十年一梦扬州路。倚高寒、愁生故国，气吞骄虏。要斩楼兰三尺剑，遗恨琵琶旧语。谩暗涩、铜华尘土。唤取谪仙平章看，过苕溪、尚许垂纶否？风浩荡，欲飞举。
豪放,日照澄洲江雾开，淘金女郎满江隈。美人首饰侯王印，尽是沙中浪底来。
婉约,水晶帘外娟娟月，梨花枝上层层雪。花月两模糊，隔窗看欲无。月华今夜黑，全见梨花白。花也笑姮娥，让他春色多。
豪放,直节堂堂，看夹道冠缨拱立。渐翠谷、群仙东下，佩环声急。谁信天峰飞堕地，傍湖千丈开青壁。是当年、玉斧削方壶，无人识。  山木润，琅玕湿。秋露下，琼珠滴。向危亭横跨，玉渊澄碧。醉舞且摇鸾凤影，浩歌莫遣鱼龙泣。恨此中、风物本吾家，今为客。
豪放,远岸收残雨，雨残稍觉江天暮。拾翠汀洲人寂蒂，立双双鸥鹭。望几点、渔灯隐映兼葭浦。停画榛，两两舟人语。道去程今夜，遥指前村烟树。游宦成羁旅，短橘吟倚闲凝伫。万水千山迷远近，想乡关何处？自别后、风亭月榭孤欢聚。刚断肠、惹得离情苦。听杜宇声，劝人不如归去。
豪放,手卷真珠上玉钩，依前春恨锁重楼。风里落花谁是主？思悠悠。青鸟不传云外信，丁香空结雨中愁。回首绿波三楚暮，接天流。
婉约,雪似梅花，梅花似雪。似和不似都奇绝。恼人风味阿谁知？请君问取南楼月。记得去年，探梅时节。老来旧事无人说。为谁醉倒为谁醒？到今犹恨轻离别。
婉约,不是爱风尘，似被前缘误。花落花开自有时，总赖东君主去也终须去，住也如何住！若得山花插满头，莫问奴归处。
豪放,不见南师久，漫说北群空。当场只手，毕竟还我万夫雄。自笑堂堂汉使，得似洋洋河水，依旧只流东？且复穹庐拜，会向藁街逢！  尧之都，舜之壤，禹之封。于中应有，一个半个耻臣戎！万里腥膻如许，千古英灵安在，磅礴几时通？胡运何须问，赫日自当中！
豪放,卮酒向人时，和气先倾倒。最要然然可可，万事称好。滑稽坐上，更对鹃夷笑。寒与热，总随人，甘国老。少年使酒，出口人嫌
婉约,山绕平湖波撼城，湖光倒影浸山青，水晶帘下欲三更。雾柳暗时云度月，露荷翻处水流萤，萧萧散发到天明。
豪放,把酒对斜日，无语问西风。胭脂何事，都做颜色染芙蓉。放眼暮江千顷，中有离愁万斛，无处落征鸿。天在阑干角，人倚醉醒中。  千万里，江南北，浙西东。吾生如寄，尚想三径菊花丛。谁是中州豪杰，借我五湖舟楫，去作钓鱼翁。故国且回首，此意莫匆匆。
婉约,见也如何暮，别也如何遽。别也应难见也难，后会难凭据。去也如何去，住也如何住。住也应难去也难，此际难分付。
婉约,望处雨收云断，凭阑悄悄，目送秋光。晚景萧疏，堪动宋玉悲凉。水风轻、・花渐老。月露冷、梧叶飘黄。遣情伤，故人何在，烟水茫茫。难忘，文期酒会，几孤风月，屡变星霜。海阔山遥，未知何处是潇湘？念双燕、难凭远信，指暮天、空识归航。黯相望，断鸿声里，立尽斜阳。
豪放,濯锦江边两岸花，春风吹浪正淘沙。女郎剪下鸳鸯锦，将向中流定晚霞。
豪放,摆首出红尘，醒醉更无时节。活计绿蓑青笠，惯披霜冲雪。晚来风定钓丝闲，上下是新月。
豪放,霜日明霄水蘸空，鸣鞘声里绣旗红，淡烟衰草有无中。万里中原烽火北，一尊浊酒戍楼东，酒阑挥泪向悲风。
婉约,南阜小亭台，薄有山花取次开。寄语多情熊少府；晴也须来，雨也须来。随意且衔杯，莫惜春衣坐绿苔。若待明朝风雨过，人在天涯！春在天涯。
婉约,枕前发尽千般愿，要休且待青山烂，水面上秤锤浮，直待黄河彻底枯。白日参辰现，北斗回南面，休即未能休，且待三更见日头。
婉约,明月淡飞琼，云薄中酒。收尽盈盈舞絮飘，点点轻鸥咒。晴浦晚风寒，青山玉骨瘦。回看亭亭雪映窗，淡淡烟垂岫。
婉约,汉上繁华，江南人物，尚遗宣政风流。绿窗朱户，十里烂银钩。一旦刀兵齐举，旌旗拥、百万狼貅。长驱入，歌台舞榭，风卷落花愁。清平三百载，典章人物，扫地俱休。幸此身未北，犹客南州。破鉴徐郎何在，空惆怅、相见无由。从今后，梦魂千里，夜夜岳阳楼。
豪放,钓台渔父褐为裘，两两三三前偏舟。  能纵棹，惯乘流，长江白浪不曾忧。
婉约,蕙花香也，雪晴池馆如画。春花飞到，宝钗楼上，一片笙箫，琉璃光射，而今灯漫挂。不是暗尘明月，那时元夜。况年来、心懒意怯，羞与蛾儿争耍。江城人悄初更打，问繁华谁解，再向天公借。剔红她，梦里隐隐，钿车罗帕。吴银粉砑，待把旧家风景，写成闲话。笑绿鬟邻女，倚窗犹唱，夕阳西下。
豪放,外，风雨声中。争先见面重重，看爽气朝来三数峰。似谢家子弟，衣冠磊落；相如庭户，车骑雍容。我觉其间，雄深雅健，如对文章太史令。新堤路，问偃湖何日，烟水豫漾。
豪放,芳菲歇，故园目断伤心切。伤心切。无边烟水，无穷山色。可堪更近乾龙节，眼中泪尽空啼血。空啼血，子规声外，晓风残月。
婉约,闻道长安灯夜好，雕轮宝马如云。蓬莱清浅对孤棱，玉皇开碧落，银界失黄昏。谁见江南憔悴客，端忧懒步芳尘。小屏风畔冷香凝，酒浓春入梦，窗破月寻人。
豪放,江上东西离别饶，旧条折尽折新条。  亦知春色人将去，犹胜狂风取次飘。
豪放,闲梦远，南国正芳春。船上管弦江面绿，满城飞絮滚轻尘，忙杀看花人。
婉约,纷纷坠叶飘香砌。夜寂静，寒声碎。真珠帘卷玉楼空，天淡银河垂地。年年今夜，月华如练，长是人千里。愁肠已断无由醉。酒未到，先成泪。灯明灭枕头鼓，谙尽孤眠滋味。都来此事，眉间心上，无计相回避。
婉约,花满院，飞去飞来双燕。红雨入帘寒不卷，晓屏山六。翠袖玉笙凄断，脉脉两蛾愁浅。消息不知郎近远，一春长梦见。
婉约,柳锁莺魂，花翻蝶梦，自知愁染潘郎0轻衫未揽，犹将泪点偷藏。念前事，怯流光，早春窥、酥雨池塘。向消凝里，梅开半面，情满徐妆。风丝一寸柔肠，曾在歌边惹恨，烛底萦香。芳机瑞锦，如何未织鸳鸯。人扶醉，月依墙，是当初、谁敢疏狂！把闲言语，花房夜久，各自思量。
豪放,诉。更南浦，送君去！凉生岸柳销残暑。耿斜河、疏星淡月，断云微度。万里江山知何处？回首对床夜语。雁不到、书成谁与？目尽青天怀今古，肯儿曹恩怨相尔汝？举大白，听金缕。
婉约,月黑星移灯屡闪，依稀打过初更。清游如此太多情。豆花凉帖地，知雨咽虫声。渐逼疏蓬风淅淅，几家茅屋都扃。茨茹荷叶认零星。不知潮欲落，渔梦悄然生。
婉约,汴水流，泗水流，流到瓜州古渡头。吴山点点愁。思悠悠，恨悠悠，恨到归时方始休。月明人倚楼。
豪放,雨恨云愁，江南依旧称佳丽。水村渔市，一缕孤烟细。  天际征鸿，遥认行如缀。平生事，此时凝睇，谁会凭栏意。
婉约,驿外断桥边，寂寞开无主。已是黄昏独自愁，更著风和雨。无意苦争春，一任群芳妒。零落成泥碾作尘，只有香如故。
豪放,"归!目断吾庐小翠微。斜阳外,白鸟傍山飞。"
豪放,记玉关踏雪事清游，寒气脆貂裘。傍枯林古道，长河饮马，此意悠悠。短梦依然江表，老泪洒西州。一字无题外，落叶都愁。载取白云
豪放,畏路风波不自难，绳床聊借一宵安，鸡鸣风雨曙光寒。秋草黄迷前人渡，夕阳红入隔江山。人生何事马蹄间？
婉约,晓日压重檐，斗帐春寒起来忺。天气困人梳洗懒，眉尖，淡画春山不喜添。闲把绣丝衿，认得金针又倒拈。陌上游人归也未？恹恹，满院杨花不卷帘。
豪放,云气吞江卷夕阳。白头波上电飞忙，奔雷惊雨溅胡床。  玉节故人同壮观，锦囊公子更平章。榕阴归梦十分凉。
婉约,春风只在园西畔，荠菜花繁胡蝶乱。冰池晴绿照还空，香径落红吹已断。意长翻恨游丝短，尽日相思罗带缓。宝奁如月不欺人，明日归来君试看。
豪放,赤壁矶头，一番过、一番怀古。想当时，周郎年少，气吞区宇。万骑临江貔虎噪，千艘列炬鱼龙怒。卷长波、一鼓困曹瞒，今如许？  江上渡，江边路。形胜地，兴亡处。览遗踪，胜读史书言语。几度东风吹世换，千年往事随潮去。问道傍、杨柳为谁春，摇金缕。
婉约,一曲新词酒一杯，去年天气旧亭台。夕阳西下几时回？无可奈何花落去，似曾相识燕归来。小园香径独徘徊。
婉约,枕障薰炉隔绣帷，二年终日苦相思，杏花明月始相知。天上人间何处去？旧欢新梦觉来时，黄昏微雨画帘垂。
豪放,江山残照，落落舒清眺。涧壑风来号万窍，尽入长松悲啸。  井蛙瀚海云涛，醯鸡日远天高。醉眼千峰顶上，世间多少秋毫
婉约,春山烟欲收，天澹星稀小。月脸边明，别泪临清晓。语已多，情未了。回首犹重道：记得绿罗裙，处处怜芳草。
婉约,风乍起，吹绉一池春水。闲引鸳鸯香径里，手接红杏蕊。斗鸭阑干独倚，碧玉搔头斜坠。终日望君君不至，举头闻鹊喜。
婉约,辔摇衔铁，蹴踏平原雪。勇趁军声曾汗血，闲过升平时节。茸茸春草天涯，涓涓野水晴沙。多少骅骚老去，至今犹困盐车。
豪放,江山自雄丽，风露与高寒。寄声月姊，借我玉鉴此中看。幽壑鱼龙悲啸，倒影星辰摇动，海气夜漫漫。涌起白银阙，危驻紫金山。  表独立，飞霞佩，切云冠。漱冰濯雪，眇视万里一毫端。回首三山何处，闻道群仙笑我，要我欲俱还。挥手从此去，翳凤更骖鸾。
